ISO-10303-21;
HEADER;
/* Generated by software containing ST-Developer
 * from STEP Tools, Inc. (www.steptools.com) 
 */

FILE_DESCRIPTION(
/* description */ (''),
/* implementation_level */ '2;1');

FILE_NAME(
/* name */ 'BottomShell.step',
/* time_stamp */ '2026-07-13T21:08:11+05:30',
/* author */ (''),
/* organization */ (''),
/* preprocessor_version */ 'ST-DEVELOPER v20.1',
/* originating_system */ 'Autodesk Translation Framework v15.8.0.0',
/* authorisation */ '');

FILE_SCHEMA (('AUTOMOTIVE_DESIGN { 1 0 10303 214 3 1 1 }'));
ENDSEC;

DATA;
#10=MECHANICAL_DESIGN_GEOMETRIC_PRESENTATION_REPRESENTATION('',(#13),#3159);
#11=SHAPE_REPRESENTATION_RELATIONSHIP('SRR','None',#3166,#12);
#12=ADVANCED_BREP_SHAPE_REPRESENTATION('',(#14),#3158);
#13=STYLED_ITEM('',(#3175),#14);
#14=MANIFOLD_SOLID_BREP('Body1',#1827);
#15=TOROIDAL_SURFACE('',#1966,3.,0.5);
#16=TOROIDAL_SURFACE('',#1972,3.,0.5);
#17=TOROIDAL_SURFACE('',#1978,3.,0.5);
#18=TOROIDAL_SURFACE('',#1983,3.,0.5);
#19=FACE_BOUND('',#200,.T.);
#20=FACE_BOUND('',#205,.T.);
#21=FACE_BOUND('',#207,.T.);
#22=FACE_BOUND('',#208,.T.);
#23=FACE_BOUND('',#209,.T.);
#24=FACE_BOUND('',#210,.T.);
#25=FACE_BOUND('',#211,.T.);
#26=FACE_BOUND('',#212,.T.);
#27=FACE_BOUND('',#216,.T.);
#28=FACE_BOUND('',#223,.T.);
#29=FACE_BOUND('',#226,.T.);
#30=FACE_BOUND('',#229,.T.);
#31=FACE_BOUND('',#231,.T.);
#32=FACE_BOUND('',#235,.T.);
#33=FACE_BOUND('',#239,.T.);
#34=FACE_BOUND('',#243,.T.);
#35=FACE_BOUND('',#247,.T.);
#36=FACE_BOUND('',#249,.T.);
#37=FACE_BOUND('',#251,.T.);
#38=FACE_BOUND('',#252,.T.);
#39=FACE_BOUND('',#277,.T.);
#40=FACE_BOUND('',#278,.T.);
#41=FACE_BOUND('',#279,.T.);
#42=FACE_BOUND('',#280,.T.);
#43=FACE_BOUND('',#281,.T.);
#44=FACE_BOUND('',#282,.T.);
#45=FACE_BOUND('',#283,.T.);
#46=FACE_BOUND('',#300,.T.);
#47=PLANE('',#1847);
#48=PLANE('',#1848);
#49=PLANE('',#1855);
#50=PLANE('',#1856);
#51=PLANE('',#1874);
#52=PLANE('',#1875);
#53=PLANE('',#1887);
#54=PLANE('',#1890);
#55=PLANE('',#1893);
#56=PLANE('',#1894);
#57=PLANE('',#1901);
#58=PLANE('',#1908);
#59=PLANE('',#1915);
#60=PLANE('',#1922);
#61=PLANE('',#1925);
#62=PLANE('',#1928);
#63=PLANE('',#1933);
#64=PLANE('',#1941);
#65=PLANE('',#1942);
#66=PLANE('',#1950);
#67=PLANE('',#1954);
#68=PLANE('',#1957);
#69=PLANE('',#1960);
#70=PLANE('',#1961);
#71=PLANE('',#1987);
#72=PLANE('',#1990);
#73=PLANE('',#1991);
#74=PLANE('',#1995);
#75=PLANE('',#2000);
#76=PLANE('',#2002);
#77=PLANE('',#2006);
#78=PLANE('',#2011);
#79=PLANE('',#2025);
#80=PLANE('',#2027);
#81=PLANE('',#2031);
#82=PLANE('',#2033);
#83=PLANE('',#2035);
#84=PLANE('',#2037);
#85=PLANE('',#2039);
#86=PLANE('',#2043);
#87=PLANE('',#2044);
#88=PLANE('',#2045);
#89=PLANE('',#2047);
#90=PLANE('',#2048);
#91=PLANE('',#2049);
#92=PLANE('',#2051);
#93=FACE_OUTER_BOUND('',#197,.T.);
#94=FACE_OUTER_BOUND('',#198,.T.);
#95=FACE_OUTER_BOUND('',#199,.T.);
#96=FACE_OUTER_BOUND('',#201,.T.);
#97=FACE_OUTER_BOUND('',#202,.T.);
#98=FACE_OUTER_BOUND('',#203,.T.);
#99=FACE_OUTER_BOUND('',#204,.T.);
#100=FACE_OUTER_BOUND('',#206,.T.);
#101=FACE_OUTER_BOUND('',#213,.T.);
#102=FACE_OUTER_BOUND('',#214,.T.);
#103=FACE_OUTER_BOUND('',#215,.T.);
#104=FACE_OUTER_BOUND('',#217,.T.);
#105=FACE_OUTER_BOUND('',#218,.T.);
#106=FACE_OUTER_BOUND('',#219,.T.);
#107=FACE_OUTER_BOUND('',#220,.T.);
#108=FACE_OUTER_BOUND('',#221,.T.);
#109=FACE_OUTER_BOUND('',#222,.T.);
#110=FACE_OUTER_BOUND('',#224,.T.);
#111=FACE_OUTER_BOUND('',#225,.T.);
#112=FACE_OUTER_BOUND('',#227,.T.);
#113=FACE_OUTER_BOUND('',#228,.T.);
#114=FACE_OUTER_BOUND('',#230,.T.);
#115=FACE_OUTER_BOUND('',#232,.T.);
#116=FACE_OUTER_BOUND('',#233,.T.);
#117=FACE_OUTER_BOUND('',#234,.T.);
#118=FACE_OUTER_BOUND('',#236,.T.);
#119=FACE_OUTER_BOUND('',#237,.T.);
#120=FACE_OUTER_BOUND('',#238,.T.);
#121=FACE_OUTER_BOUND('',#240,.T.);
#122=FACE_OUTER_BOUND('',#241,.T.);
#123=FACE_OUTER_BOUND('',#242,.T.);
#124=FACE_OUTER_BOUND('',#244,.T.);
#125=FACE_OUTER_BOUND('',#245,.T.);
#126=FACE_OUTER_BOUND('',#246,.T.);
#127=FACE_OUTER_BOUND('',#248,.T.);
#128=FACE_OUTER_BOUND('',#250,.T.);
#129=FACE_OUTER_BOUND('',#253,.T.);
#130=FACE_OUTER_BOUND('',#254,.T.);
#131=FACE_OUTER_BOUND('',#255,.T.);
#132=FACE_OUTER_BOUND('',#256,.T.);
#133=FACE_OUTER_BOUND('',#257,.T.);
#134=FACE_OUTER_BOUND('',#258,.T.);
#135=FACE_OUTER_BOUND('',#259,.T.);
#136=FACE_OUTER_BOUND('',#260,.T.);
#137=FACE_OUTER_BOUND('',#261,.T.);
#138=FACE_OUTER_BOUND('',#262,.T.);
#139=FACE_OUTER_BOUND('',#263,.T.);
#140=FACE_OUTER_BOUND('',#264,.T.);
#141=FACE_OUTER_BOUND('',#265,.T.);
#142=FACE_OUTER_BOUND('',#266,.T.);
#143=FACE_OUTER_BOUND('',#267,.T.);
#144=FACE_OUTER_BOUND('',#268,.T.);
#145=FACE_OUTER_BOUND('',#269,.T.);
#146=FACE_OUTER_BOUND('',#270,.T.);
#147=FACE_OUTER_BOUND('',#271,.T.);
#148=FACE_OUTER_BOUND('',#272,.T.);
#149=FACE_OUTER_BOUND('',#273,.T.);
#150=FACE_OUTER_BOUND('',#274,.T.);
#151=FACE_OUTER_BOUND('',#275,.T.);
#152=FACE_OUTER_BOUND('',#276,.T.);
#153=FACE_OUTER_BOUND('',#284,.T.);
#154=FACE_OUTER_BOUND('',#285,.T.);
#155=FACE_OUTER_BOUND('',#286,.T.);
#156=FACE_OUTER_BOUND('',#287,.T.);
#157=FACE_OUTER_BOUND('',#288,.T.);
#158=FACE_OUTER_BOUND('',#289,.T.);
#159=FACE_OUTER_BOUND('',#290,.T.);
#160=FACE_OUTER_BOUND('',#291,.T.);
#161=FACE_OUTER_BOUND('',#292,.T.);
#162=FACE_OUTER_BOUND('',#293,.T.);
#163=FACE_OUTER_BOUND('',#294,.T.);
#164=FACE_OUTER_BOUND('',#295,.T.);
#165=FACE_OUTER_BOUND('',#296,.T.);
#166=FACE_OUTER_BOUND('',#297,.T.);
#167=FACE_OUTER_BOUND('',#298,.T.);
#168=FACE_OUTER_BOUND('',#299,.T.);
#169=FACE_OUTER_BOUND('',#301,.T.);
#170=FACE_OUTER_BOUND('',#302,.T.);
#171=FACE_OUTER_BOUND('',#303,.T.);
#172=FACE_OUTER_BOUND('',#304,.T.);
#173=FACE_OUTER_BOUND('',#305,.T.);
#174=FACE_OUTER_BOUND('',#306,.T.);
#175=FACE_OUTER_BOUND('',#307,.T.);
#176=FACE_OUTER_BOUND('',#308,.T.);
#177=FACE_OUTER_BOUND('',#309,.T.);
#178=FACE_OUTER_BOUND('',#310,.T.);
#179=FACE_OUTER_BOUND('',#311,.T.);
#180=FACE_OUTER_BOUND('',#312,.T.);
#181=FACE_OUTER_BOUND('',#313,.T.);
#182=FACE_OUTER_BOUND('',#314,.T.);
#183=FACE_OUTER_BOUND('',#315,.T.);
#184=FACE_OUTER_BOUND('',#316,.T.);
#185=FACE_OUTER_BOUND('',#317,.T.);
#186=FACE_OUTER_BOUND('',#318,.T.);
#187=FACE_OUTER_BOUND('',#319,.T.);
#188=FACE_OUTER_BOUND('',#320,.T.);
#189=FACE_OUTER_BOUND('',#321,.T.);
#190=FACE_OUTER_BOUND('',#322,.T.);
#191=FACE_OUTER_BOUND('',#323,.T.);
#192=FACE_OUTER_BOUND('',#324,.T.);
#193=FACE_OUTER_BOUND('',#325,.T.);
#194=FACE_OUTER_BOUND('',#326,.T.);
#195=FACE_OUTER_BOUND('',#327,.T.);
#196=FACE_OUTER_BOUND('',#328,.T.);
#197=EDGE_LOOP('',(#1157,#1158,#1159,#1160));
#198=EDGE_LOOP('',(#1161,#1162,#1163,#1164));
#199=EDGE_LOOP('',(#1165));
#200=EDGE_LOOP('',(#1166));
#201=EDGE_LOOP('',(#1167));
#202=EDGE_LOOP('',(#1168,#1169,#1170,#1171));
#203=EDGE_LOOP('',(#1172,#1173,#1174,#1175));
#204=EDGE_LOOP('',(#1176));
#205=EDGE_LOOP('',(#1177));
#206=EDGE_LOOP('',(#1178,#1179,#1180,#1181,#1182,#1183,#1184,#1185,#1186,
#1187,#1188,#1189,#1190,#1191));
#207=EDGE_LOOP('',(#1192));
#208=EDGE_LOOP('',(#1193));
#209=EDGE_LOOP('',(#1194));
#210=EDGE_LOOP('',(#1195));
#211=EDGE_LOOP('',(#1196));
#212=EDGE_LOOP('',(#1197));
#213=EDGE_LOOP('',(#1198,#1199,#1200,#1201));
#214=EDGE_LOOP('',(#1202,#1203,#1204,#1205));
#215=EDGE_LOOP('',(#1206));
#216=EDGE_LOOP('',(#1207));
#217=EDGE_LOOP('',(#1208));
#218=EDGE_LOOP('',(#1209,#1210,#1211,#1212));
#219=EDGE_LOOP('',(#1213,#1214,#1215,#1216));
#220=EDGE_LOOP('',(#1217,#1218,#1219,#1220));
#221=EDGE_LOOP('',(#1221,#1222,#1223,#1224));
#222=EDGE_LOOP('',(#1225));
#223=EDGE_LOOP('',(#1226));
#224=EDGE_LOOP('',(#1227,#1228,#1229,#1230));
#225=EDGE_LOOP('',(#1231));
#226=EDGE_LOOP('',(#1232));
#227=EDGE_LOOP('',(#1233,#1234,#1235,#1236));
#228=EDGE_LOOP('',(#1237));
#229=EDGE_LOOP('',(#1238));
#230=EDGE_LOOP('',(#1239));
#231=EDGE_LOOP('',(#1240));
#232=EDGE_LOOP('',(#1241,#1242,#1243,#1244));
#233=EDGE_LOOP('',(#1245,#1246,#1247,#1248));
#234=EDGE_LOOP('',(#1249));
#235=EDGE_LOOP('',(#1250));
#236=EDGE_LOOP('',(#1251,#1252,#1253,#1254));
#237=EDGE_LOOP('',(#1255,#1256,#1257,#1258));
#238=EDGE_LOOP('',(#1259));
#239=EDGE_LOOP('',(#1260));
#240=EDGE_LOOP('',(#1261,#1262,#1263,#1264));
#241=EDGE_LOOP('',(#1265,#1266,#1267,#1268));
#242=EDGE_LOOP('',(#1269));
#243=EDGE_LOOP('',(#1270));
#244=EDGE_LOOP('',(#1271,#1272,#1273,#1274));
#245=EDGE_LOOP('',(#1275,#1276,#1277,#1278));
#246=EDGE_LOOP('',(#1279,#1280,#1281,#1282,#1283,#1284,#1285,#1286,#1287,
#1288));
#247=EDGE_LOOP('',(#1289));
#248=EDGE_LOOP('',(#1290,#1291,#1292,#1293,#1294,#1295,#1296,#1297,#1298,
#1299));
#249=EDGE_LOOP('',(#1300));
#250=EDGE_LOOP('',(#1301,#1302,#1303,#1304,#1305,#1306,#1307,#1308,#1309,
#1310,#1311,#1312));
#251=EDGE_LOOP('',(#1313));
#252=EDGE_LOOP('',(#1314));
#253=EDGE_LOOP('',(#1315,#1316,#1317,#1318));
#254=EDGE_LOOP('',(#1319,#1320,#1321,#1322));
#255=EDGE_LOOP('',(#1323,#1324,#1325,#1326));
#256=EDGE_LOOP('',(#1327,#1328,#1329,#1330));
#257=EDGE_LOOP('',(#1331,#1332,#1333,#1334));
#258=EDGE_LOOP('',(#1335,#1336,#1337,#1338,#1339,#1340,#1341,#1342,#1343,
#1344,#1345,#1346,#1347,#1348));
#259=EDGE_LOOP('',(#1349,#1350,#1351,#1352));
#260=EDGE_LOOP('',(#1353,#1354,#1355,#1356,#1357,#1358,#1359,#1360,#1361,
#1362,#1363,#1364));
#261=EDGE_LOOP('',(#1365,#1366,#1367,#1368,#1369,#1370));
#262=EDGE_LOOP('',(#1371,#1372,#1373,#1374));
#263=EDGE_LOOP('',(#1375,#1376,#1377,#1378,#1379,#1380,#1381,#1382,#1383,
#1384,#1385,#1386));
#264=EDGE_LOOP('',(#1387,#1388,#1389,#1390));
#265=EDGE_LOOP('',(#1391,#1392,#1393,#1394,#1395,#1396,#1397,#1398,#1399,
#1400));
#266=EDGE_LOOP('',(#1401,#1402,#1403,#1404));
#267=EDGE_LOOP('',(#1405,#1406,#1407,#1408));
#268=EDGE_LOOP('',(#1409,#1410,#1411,#1412));
#269=EDGE_LOOP('',(#1413,#1414,#1415,#1416));
#270=EDGE_LOOP('',(#1417,#1418,#1419,#1420));
#271=EDGE_LOOP('',(#1421,#1422,#1423,#1424));
#272=EDGE_LOOP('',(#1425,#1426,#1427,#1428));
#273=EDGE_LOOP('',(#1429,#1430,#1431,#1432));
#274=EDGE_LOOP('',(#1433,#1434,#1435,#1436));
#275=EDGE_LOOP('',(#1437,#1438,#1439,#1440,#1441,#1442,#1443,#1444,#1445,
#1446));
#276=EDGE_LOOP('',(#1447,#1448,#1449,#1450,#1451,#1452,#1453,#1454));
#277=EDGE_LOOP('',(#1455));
#278=EDGE_LOOP('',(#1456));
#279=EDGE_LOOP('',(#1457));
#280=EDGE_LOOP('',(#1458));
#281=EDGE_LOOP('',(#1459));
#282=EDGE_LOOP('',(#1460));
#283=EDGE_LOOP('',(#1461));
#284=EDGE_LOOP('',(#1462,#1463,#1464,#1465));
#285=EDGE_LOOP('',(#1466,#1467,#1468,#1469));
#286=EDGE_LOOP('',(#1470,#1471,#1472,#1473));
#287=EDGE_LOOP('',(#1474,#1475,#1476,#1477));
#288=EDGE_LOOP('',(#1478,#1479,#1480,#1481));
#289=EDGE_LOOP('',(#1482,#1483,#1484,#1485));
#290=EDGE_LOOP('',(#1486,#1487,#1488,#1489));
#291=EDGE_LOOP('',(#1490,#1491,#1492,#1493));
#292=EDGE_LOOP('',(#1494,#1495,#1496,#1497));
#293=EDGE_LOOP('',(#1498,#1499,#1500,#1501));
#294=EDGE_LOOP('',(#1502,#1503,#1504,#1505));
#295=EDGE_LOOP('',(#1506,#1507,#1508,#1509));
#296=EDGE_LOOP('',(#1510,#1511,#1512,#1513));
#297=EDGE_LOOP('',(#1514,#1515,#1516,#1517));
#298=EDGE_LOOP('',(#1518,#1519,#1520,#1521));
#299=EDGE_LOOP('',(#1522,#1523,#1524,#1525,#1526,#1527,#1528,#1529));
#300=EDGE_LOOP('',(#1530,#1531,#1532,#1533,#1534,#1535,#1536,#1537,#1538,
#1539,#1540,#1541,#1542,#1543));
#301=EDGE_LOOP('',(#1544,#1545,#1546,#1547));
#302=EDGE_LOOP('',(#1548,#1549,#1550,#1551));
#303=EDGE_LOOP('',(#1552,#1553,#1554,#1555));
#304=EDGE_LOOP('',(#1556,#1557,#1558,#1559));
#305=EDGE_LOOP('',(#1560,#1561,#1562,#1563));
#306=EDGE_LOOP('',(#1564,#1565,#1566,#1567));
#307=EDGE_LOOP('',(#1568,#1569,#1570,#1571));
#308=EDGE_LOOP('',(#1572,#1573,#1574,#1575));
#309=EDGE_LOOP('',(#1576,#1577,#1578,#1579));
#310=EDGE_LOOP('',(#1580,#1581,#1582,#1583));
#311=EDGE_LOOP('',(#1584,#1585,#1586,#1587));
#312=EDGE_LOOP('',(#1588,#1589,#1590,#1591));
#313=EDGE_LOOP('',(#1592,#1593,#1594,#1595));
#314=EDGE_LOOP('',(#1596,#1597,#1598,#1599));
#315=EDGE_LOOP('',(#1600,#1601,#1602,#1603));
#316=EDGE_LOOP('',(#1604));
#317=EDGE_LOOP('',(#1605,#1606,#1607,#1608));
#318=EDGE_LOOP('',(#1609,#1610,#1611,#1612));
#319=EDGE_LOOP('',(#1613,#1614,#1615,#1616));
#320=EDGE_LOOP('',(#1617,#1618,#1619,#1620));
#321=EDGE_LOOP('',(#1621,#1622,#1623,#1624));
#322=EDGE_LOOP('',(#1625,#1626,#1627,#1628));
#323=EDGE_LOOP('',(#1629,#1630,#1631,#1632));
#324=EDGE_LOOP('',(#1633,#1634,#1635,#1636));
#325=EDGE_LOOP('',(#1637,#1638,#1639,#1640,#1641,#1642,#1643,#1644,#1645,
#1646,#1647,#1648));
#326=EDGE_LOOP('',(#1649,#1650,#1651,#1652));
#327=EDGE_LOOP('',(#1653,#1654,#1655,#1656,#1657,#1658,#1659,#1660,#1661,
#1662,#1663,#1664));
#328=EDGE_LOOP('',(#1665,#1666,#1667,#1668));
#329=LINE('',#2632,#477);
#330=LINE('',#2638,#478);
#331=LINE('',#2646,#479);
#332=LINE('',#2652,#480);
#333=LINE('',#2662,#481);
#334=LINE('',#2666,#482);
#335=LINE('',#2670,#483);
#336=LINE('',#2674,#484);
#337=LINE('',#2678,#485);
#338=LINE('',#2683,#486);
#339=LINE('',#2696,#487);
#340=LINE('',#2701,#488);
#341=LINE('',#2708,#489);
#342=LINE('',#2714,#490);
#343=LINE('',#2720,#491);
#344=LINE('',#2725,#492);
#345=LINE('',#2730,#493);
#346=LINE('',#2735,#494);
#347=LINE('',#2745,#495);
#348=LINE('',#2748,#496);
#349=LINE('',#2758,#497);
#350=LINE('',#2761,#498);
#351=LINE('',#2771,#499);
#352=LINE('',#2774,#500);
#353=LINE('',#2784,#501);
#354=LINE('',#2787,#502);
#355=LINE('',#2792,#503);
#356=LINE('',#2796,#504);
#357=LINE('',#2798,#505);
#358=LINE('',#2800,#506);
#359=LINE('',#2802,#507);
#360=LINE('',#2804,#508);
#361=LINE('',#2808,#509);
#362=LINE('',#2809,#510);
#363=LINE('',#2813,#511);
#364=LINE('',#2817,#512);
#365=LINE('',#2819,#513);
#366=LINE('',#2821,#514);
#367=LINE('',#2825,#515);
#368=LINE('',#2827,#516);
#369=LINE('',#2829,#517);
#370=LINE('',#2830,#518);
#371=LINE('',#2834,#519);
#372=LINE('',#2838,#520);
#373=LINE('',#2840,#521);
#374=LINE('',#2842,#522);
#375=LINE('',#2846,#523);
#376=LINE('',#2850,#524);
#377=LINE('',#2852,#525);
#378=LINE('',#2854,#526);
#379=LINE('',#2858,#527);
#380=LINE('',#2860,#528);
#381=LINE('',#2861,#529);
#382=LINE('',#2866,#530);
#383=LINE('',#2870,#531);
#384=LINE('',#2873,#532);
#385=LINE('',#2876,#533);
#386=LINE('',#2879,#534);
#387=LINE('',#2882,#535);
#388=LINE('',#2884,#536);
#389=LINE('',#2885,#537);
#390=LINE('',#2888,#538);
#391=LINE('',#2892,#539);
#392=LINE('',#2896,#540);
#393=LINE('',#2899,#541);
#394=LINE('',#2903,#542);
#395=LINE('',#2907,#543);
#396=LINE('',#2910,#544);
#397=LINE('',#2912,#545);
#398=LINE('',#2916,#546);
#399=LINE('',#2920,#547);
#400=LINE('',#2923,#548);
#401=LINE('',#2926,#549);
#402=LINE('',#2928,#550);
#403=LINE('',#2930,#551);
#404=LINE('',#2932,#552);
#405=LINE('',#2933,#553);
#406=LINE('',#2936,#554);
#407=LINE('',#2942,#555);
#408=LINE('',#2945,#556);
#409=LINE('',#2947,#557);
#410=LINE('',#2949,#558);
#411=LINE('',#2951,#559);
#412=LINE('',#2952,#560);
#413=LINE('',#2955,#561);
#414=LINE('',#2957,#562);
#415=LINE('',#2958,#563);
#416=LINE('',#2961,#564);
#417=LINE('',#2962,#565);
#418=LINE('',#2964,#566);
#419=LINE('',#2968,#567);
#420=LINE('',#2972,#568);
#421=LINE('',#2975,#569);
#422=LINE('',#2985,#570);
#423=LINE('',#2995,#571);
#424=LINE('',#2996,#572);
#425=LINE('',#3004,#573);
#426=LINE('',#3005,#574);
#427=LINE('',#3011,#575);
#428=LINE('',#3014,#576);
#429=LINE('',#3018,#577);
#430=LINE('',#3022,#578);
#431=LINE('',#3026,#579);
#432=LINE('',#3030,#580);
#433=LINE('',#3031,#581);
#434=LINE('',#3034,#582);
#435=LINE('',#3037,#583);
#436=LINE('',#3038,#584);
#437=LINE('',#3040,#585);
#438=LINE('',#3043,#586);
#439=LINE('',#3044,#587);
#440=LINE('',#3046,#588);
#441=LINE('',#3048,#589);
#442=LINE('',#3051,#590);
#443=LINE('',#3055,#591);
#444=LINE('',#3056,#592);
#445=LINE('',#3060,#593);
#446=LINE('',#3065,#594);
#447=LINE('',#3066,#595);
#448=LINE('',#3072,#596);
#449=LINE('',#3076,#597);
#450=LINE('',#3081,#598);
#451=LINE('',#3087,#599);
#452=LINE('',#3091,#600);
#453=LINE('',#3095,#601);
#454=LINE('',#3099,#602);
#455=LINE('',#3102,#603);
#456=LINE('',#3104,#604);
#457=LINE('',#3106,#605);
#458=LINE('',#3107,#606);
#459=LINE('',#3109,#607);
#460=LINE('',#3111,#608);
#461=LINE('',#3116,#609);
#462=LINE('',#3118,#610);
#463=LINE('',#3119,#611);
#464=LINE('',#3121,#612);
#465=LINE('',#3123,#613);
#466=LINE('',#3126,#614);
#467=LINE('',#3128,#615);
#468=LINE('',#3130,#616);
#469=LINE('',#3137,#617);
#470=LINE('',#3138,#618);
#471=LINE('',#3140,#619);
#472=LINE('',#3142,#620);
#473=LINE('',#3146,#621);
#474=LINE('',#3149,#622);
#475=LINE('',#3151,#623);
#476=LINE('',#3154,#624);
#477=VECTOR('',#2059,7.625);
#478=VECTOR('',#2066,9.625);
#479=VECTOR('',#2077,7.625);
#480=VECTOR('',#2084,9.625);
#481=VECTOR('',#2095,10.);
#482=VECTOR('',#2098,10.);
#483=VECTOR('',#2101,10.);
#484=VECTOR('',#2104,10.);
#485=VECTOR('',#2107,10.);
#486=VECTOR('',#2112,10.);
#487=VECTOR('',#2125,7.625);
#488=VECTOR('',#2132,9.625);
#489=VECTOR('',#2141,1.038);
#490=VECTOR('',#2148,1.038);
#491=VECTOR('',#2155,1.038);
#492=VECTOR('',#2162,2.500012700025);
#493=VECTOR('',#2169,2.500012700025);
#494=VECTOR('',#2176,2.500012700025);
#495=VECTOR('',#2189,2.25);
#496=VECTOR('',#2192,1.1);
#497=VECTOR('',#2205,2.25);
#498=VECTOR('',#2208,1.1);
#499=VECTOR('',#2221,2.25);
#500=VECTOR('',#2224,1.1);
#501=VECTOR('',#2237,2.25);
#502=VECTOR('',#2240,1.1);
#503=VECTOR('',#2245,10.);
#504=VECTOR('',#2248,10.);
#505=VECTOR('',#2249,10.);
#506=VECTOR('',#2250,10.);
#507=VECTOR('',#2251,10.);
#508=VECTOR('',#2252,10.);
#509=VECTOR('',#2255,10.);
#510=VECTOR('',#2256,10.);
#511=VECTOR('',#2259,10.);
#512=VECTOR('',#2262,10.);
#513=VECTOR('',#2263,10.);
#514=VECTOR('',#2264,10.);
#515=VECTOR('',#2267,10.);
#516=VECTOR('',#2268,10.);
#517=VECTOR('',#2269,10.);
#518=VECTOR('',#2270,10.);
#519=VECTOR('',#2273,10.);
#520=VECTOR('',#2276,10.);
#521=VECTOR('',#2277,10.);
#522=VECTOR('',#2278,10.);
#523=VECTOR('',#2281,10.);
#524=VECTOR('',#2284,10.);
#525=VECTOR('',#2285,10.);
#526=VECTOR('',#2286,10.);
#527=VECTOR('',#2291,10.);
#528=VECTOR('',#2292,10.);
#529=VECTOR('',#2293,10.);
#530=VECTOR('',#2298,10.);
#531=VECTOR('',#2303,10.);
#532=VECTOR('',#2306,10.);
#533=VECTOR('',#2309,10.);
#534=VECTOR('',#2312,10.);
#535=VECTOR('',#2315,10.);
#536=VECTOR('',#2316,10.);
#537=VECTOR('',#2317,10.);
#538=VECTOR('',#2320,10.);
#539=VECTOR('',#2323,10.);
#540=VECTOR('',#2326,10.);
#541=VECTOR('',#2329,10.);
#542=VECTOR('',#2332,10.);
#543=VECTOR('',#2337,10.);
#544=VECTOR('',#2340,10.);
#545=VECTOR('',#2343,10.);
#546=VECTOR('',#2346,10.);
#547=VECTOR('',#2349,10.);
#548=VECTOR('',#2352,10.);
#549=VECTOR('',#2355,10.);
#550=VECTOR('',#2356,10.);
#551=VECTOR('',#2357,10.);
#552=VECTOR('',#2358,10.);
#553=VECTOR('',#2359,10.);
#554=VECTOR('',#2362,10.);
#555=VECTOR('',#2369,10.);
#556=VECTOR('',#2372,10.);
#557=VECTOR('',#2373,10.);
#558=VECTOR('',#2374,10.);
#559=VECTOR('',#2375,10.);
#560=VECTOR('',#2376,10.);
#561=VECTOR('',#2379,10.);
#562=VECTOR('',#2380,10.);
#563=VECTOR('',#2381,10.);
#564=VECTOR('',#2384,10.);
#565=VECTOR('',#2385,10.);
#566=VECTOR('',#2386,10.);
#567=VECTOR('',#2389,10.);
#568=VECTOR('',#2394,10.);
#569=VECTOR('',#2397,10.);
#570=VECTOR('',#2410,10.);
#571=VECTOR('',#2423,10.);
#572=VECTOR('',#2424,10.);
#573=VECTOR('',#2435,10.);
#574=VECTOR('',#2436,10.);
#575=VECTOR('',#2445,10.);
#576=VECTOR('',#2448,10.);
#577=VECTOR('',#2451,10.);
#578=VECTOR('',#2458,10.);
#579=VECTOR('',#2463,10.);
#580=VECTOR('',#2468,10.);
#581=VECTOR('',#2469,10.);
#582=VECTOR('',#2472,10.);
#583=VECTOR('',#2477,10.);
#584=VECTOR('',#2478,10.);
#585=VECTOR('',#2481,10.);
#586=VECTOR('',#2486,3.88);
#587=VECTOR('',#2487,10.);
#588=VECTOR('',#2490,3.88);
#589=VECTOR('',#2493,10.);
#590=VECTOR('',#2496,10.);
#591=VECTOR('',#2501,10.);
#592=VECTOR('',#2502,10.);
#593=VECTOR('',#2507,10.);
#594=VECTOR('',#2512,10.);
#595=VECTOR('',#2513,10.);
#596=VECTOR('',#2520,10.);
#597=VECTOR('',#2523,10.);
#598=VECTOR('',#2528,10.);
#599=VECTOR('',#2533,10.);
#600=VECTOR('',#2536,10.);
#601=VECTOR('',#2539,10.);
#602=VECTOR('',#2542,10.);
#603=VECTOR('',#2545,10.);
#604=VECTOR('',#2548,10.);
#605=VECTOR('',#2551,10.);
#606=VECTOR('',#2552,10.);
#607=VECTOR('',#2555,10.);
#608=VECTOR('',#2558,10.);
#609=VECTOR('',#2567,10.);
#610=VECTOR('',#2570,10.);
#611=VECTOR('',#2571,10.);
#612=VECTOR('',#2574,10.);
#613=VECTOR('',#2577,10.);
#614=VECTOR('',#2582,10.);
#615=VECTOR('',#2585,10.);
#616=VECTOR('',#2588,10.);
#617=VECTOR('',#2597,10.);
#618=VECTOR('',#2598,10.);
#619=VECTOR('',#2601,10.);
#620=VECTOR('',#2604,10.);
#621=VECTOR('',#2611,10.);
#622=VECTOR('',#2616,10.);
#623=VECTOR('',#2619,10.);
#624=VECTOR('',#2624,10.);
#625=CIRCLE('',#1842,7.625);
#626=CIRCLE('',#1843,7.625);
#627=CIRCLE('',#1845,9.625);
#628=CIRCLE('',#1846,9.625);
#629=CIRCLE('',#1850,7.625);
#630=CIRCLE('',#1851,7.625);
#631=CIRCLE('',#1853,9.625);
#632=CIRCLE('',#1854,9.625);
#633=CIRCLE('',#1857,1.);
#634=CIRCLE('',#1858,1.);
#635=CIRCLE('',#1859,1.7);
#636=CIRCLE('',#1860,1.7);
#637=CIRCLE('',#1861,1.7);
#638=CIRCLE('',#1862,1.7);
#639=CIRCLE('',#1863,1.);
#640=CIRCLE('',#1864,1.);
#641=CIRCLE('',#1865,2.500012700025);
#642=CIRCLE('',#1866,2.500012700025);
#643=CIRCLE('',#1867,2.500012700025);
#644=CIRCLE('',#1868,9.625);
#645=CIRCLE('',#1870,7.625);
#646=CIRCLE('',#1871,7.625);
#647=CIRCLE('',#1873,9.625);
#648=CIRCLE('',#1877,1.03775);
#649=CIRCLE('',#1878,1.03775);
#650=CIRCLE('',#1880,1.03775);
#651=CIRCLE('',#1881,1.03775);
#652=CIRCLE('',#1883,1.03775);
#653=CIRCLE('',#1884,1.03775);
#654=CIRCLE('',#1886,2.500012700025);
#655=CIRCLE('',#1889,2.500012700025);
#656=CIRCLE('',#1892,2.500012700025);
#657=CIRCLE('',#1895,2.25);
#658=CIRCLE('',#1896,1.1);
#659=CIRCLE('',#1898,2.25);
#660=CIRCLE('',#1900,1.1);
#661=CIRCLE('',#1902,2.25);
#662=CIRCLE('',#1903,1.1);
#663=CIRCLE('',#1905,2.25);
#664=CIRCLE('',#1907,1.1);
#665=CIRCLE('',#1909,2.25);
#666=CIRCLE('',#1910,1.1);
#667=CIRCLE('',#1912,2.25);
#668=CIRCLE('',#1914,1.1);
#669=CIRCLE('',#1916,2.25);
#670=CIRCLE('',#1917,1.1);
#671=CIRCLE('',#1919,2.25);
#672=CIRCLE('',#1921,1.1);
#673=CIRCLE('',#1923,3.5);
#674=CIRCLE('',#1924,3.2);
#675=CIRCLE('',#1926,3.5);
#676=CIRCLE('',#1927,3.2);
#677=CIRCLE('',#1929,3.5);
#678=CIRCLE('',#1930,3.2);
#679=CIRCLE('',#1931,3.2);
#680=CIRCLE('',#1932,3.5);
#681=CIRCLE('',#1935,3.88);
#682=CIRCLE('',#1936,3.88);
#683=CIRCLE('',#1938,3.5);
#684=CIRCLE('',#1940,3.2);
#685=CIRCLE('',#1943,3.88);
#686=CIRCLE('',#1944,3.88);
#687=CIRCLE('',#1945,3.88);
#688=CIRCLE('',#1946,1.25);
#689=CIRCLE('',#1947,1.25);
#690=CIRCLE('',#1949,3.5);
#691=CIRCLE('',#1951,3.88);
#692=CIRCLE('',#1952,3.88);
#693=CIRCLE('',#1953,3.88);
#694=CIRCLE('',#1956,3.2);
#695=CIRCLE('',#1958,0.5);
#696=CIRCLE('',#1959,0.5);
#697=CIRCLE('',#1962,0.5);
#698=CIRCLE('',#1963,0.5);
#699=CIRCLE('',#1965,3.5);
#700=CIRCLE('',#1967,0.499999999999998);
#701=CIRCLE('',#1968,3.);
#702=CIRCLE('',#1969,0.5);
#703=CIRCLE('',#1971,0.5);
#704=CIRCLE('',#1973,0.5);
#705=CIRCLE('',#1974,3.5);
#706=CIRCLE('',#1975,3.);
#707=CIRCLE('',#1977,0.5);
#708=CIRCLE('',#1979,0.5);
#709=CIRCLE('',#1980,3.);
#710=CIRCLE('',#1982,0.5);
#711=CIRCLE('',#1984,0.5);
#712=CIRCLE('',#1985,3.);
#713=CIRCLE('',#1988,0.5);
#714=CIRCLE('',#1989,0.5);
#715=CIRCLE('',#1994,0.5);
#716=CIRCLE('',#1997,0.5);
#717=CIRCLE('',#2005,1.25);
#718=CIRCLE('',#2008,1.25);
#719=CIRCLE('',#2010,1.);
#720=CIRCLE('',#2012,3.2);
#721=CIRCLE('',#2013,3.2);
#722=CIRCLE('',#2014,3.2);
#723=CIRCLE('',#2015,3.2);
#724=CIRCLE('',#2016,1.);
#725=CIRCLE('',#2017,1.);
#726=CIRCLE('',#2018,1.);
#727=CIRCLE('',#2019,1.7);
#728=CIRCLE('',#2020,1.7);
#729=CIRCLE('',#2021,1.7);
#730=CIRCLE('',#2022,1.7);
#731=CIRCLE('',#2029,3.2);
#732=CIRCLE('',#2041,3.2);
#733=VERTEX_POINT('',#2629);
#734=VERTEX_POINT('',#2631);
#735=VERTEX_POINT('',#2635);
#736=VERTEX_POINT('',#2637);
#737=VERTEX_POINT('',#2643);
#738=VERTEX_POINT('',#2645);
#739=VERTEX_POINT('',#2649);
#740=VERTEX_POINT('',#2651);
#741=VERTEX_POINT('',#2656);
#742=VERTEX_POINT('',#2657);
#743=VERTEX_POINT('',#2659);
#744=VERTEX_POINT('',#2661);
#745=VERTEX_POINT('',#2663);
#746=VERTEX_POINT('',#2665);
#747=VERTEX_POINT('',#2667);
#748=VERTEX_POINT('',#2669);
#749=VERTEX_POINT('',#2671);
#750=VERTEX_POINT('',#2673);
#751=VERTEX_POINT('',#2675);
#752=VERTEX_POINT('',#2677);
#753=VERTEX_POINT('',#2679);
#754=VERTEX_POINT('',#2681);
#755=VERTEX_POINT('',#2684);
#756=VERTEX_POINT('',#2686);
#757=VERTEX_POINT('',#2688);
#758=VERTEX_POINT('',#2690);
#759=VERTEX_POINT('',#2693);
#760=VERTEX_POINT('',#2695);
#761=VERTEX_POINT('',#2699);
#762=VERTEX_POINT('',#2705);
#763=VERTEX_POINT('',#2707);
#764=VERTEX_POINT('',#2711);
#765=VERTEX_POINT('',#2713);
#766=VERTEX_POINT('',#2717);
#767=VERTEX_POINT('',#2719);
#768=VERTEX_POINT('',#2723);
#769=VERTEX_POINT('',#2728);
#770=VERTEX_POINT('',#2733);
#771=VERTEX_POINT('',#2738);
#772=VERTEX_POINT('',#2740);
#773=VERTEX_POINT('',#2743);
#774=VERTEX_POINT('',#2747);
#775=VERTEX_POINT('',#2751);
#776=VERTEX_POINT('',#2753);
#777=VERTEX_POINT('',#2756);
#778=VERTEX_POINT('',#2760);
#779=VERTEX_POINT('',#2764);
#780=VERTEX_POINT('',#2766);
#781=VERTEX_POINT('',#2769);
#782=VERTEX_POINT('',#2773);
#783=VERTEX_POINT('',#2777);
#784=VERTEX_POINT('',#2779);
#785=VERTEX_POINT('',#2782);
#786=VERTEX_POINT('',#2786);
#787=VERTEX_POINT('',#2790);
#788=VERTEX_POINT('',#2791);
#789=VERTEX_POINT('',#2793);
#790=VERTEX_POINT('',#2795);
#791=VERTEX_POINT('',#2797);
#792=VERTEX_POINT('',#2799);
#793=VERTEX_POINT('',#2801);
#794=VERTEX_POINT('',#2803);
#795=VERTEX_POINT('',#2805);
#796=VERTEX_POINT('',#2807);
#797=VERTEX_POINT('',#2811);
#798=VERTEX_POINT('',#2812);
#799=VERTEX_POINT('',#2814);
#800=VERTEX_POINT('',#2816);
#801=VERTEX_POINT('',#2818);
#802=VERTEX_POINT('',#2820);
#803=VERTEX_POINT('',#2822);
#804=VERTEX_POINT('',#2824);
#805=VERTEX_POINT('',#2826);
#806=VERTEX_POINT('',#2828);
#807=VERTEX_POINT('',#2832);
#808=VERTEX_POINT('',#2833);
#809=VERTEX_POINT('',#2835);
#810=VERTEX_POINT('',#2837);
#811=VERTEX_POINT('',#2839);
#812=VERTEX_POINT('',#2841);
#813=VERTEX_POINT('',#2843);
#814=VERTEX_POINT('',#2845);
#815=VERTEX_POINT('',#2847);
#816=VERTEX_POINT('',#2849);
#817=VERTEX_POINT('',#2851);
#818=VERTEX_POINT('',#2853);
#819=VERTEX_POINT('',#2857);
#820=VERTEX_POINT('',#2859);
#821=VERTEX_POINT('',#2863);
#822=VERTEX_POINT('',#2865);
#823=VERTEX_POINT('',#2869);
#824=VERTEX_POINT('',#2871);
#825=VERTEX_POINT('',#2875);
#826=VERTEX_POINT('',#2877);
#827=VERTEX_POINT('',#2881);
#828=VERTEX_POINT('',#2883);
#829=VERTEX_POINT('',#2887);
#830=VERTEX_POINT('',#2889);
#831=VERTEX_POINT('',#2891);
#832=VERTEX_POINT('',#2893);
#833=VERTEX_POINT('',#2895);
#834=VERTEX_POINT('',#2898);
#835=VERTEX_POINT('',#2900);
#836=VERTEX_POINT('',#2902);
#837=VERTEX_POINT('',#2906);
#838=VERTEX_POINT('',#2908);
#839=VERTEX_POINT('',#2913);
#840=VERTEX_POINT('',#2915);
#841=VERTEX_POINT('',#2917);
#842=VERTEX_POINT('',#2919);
#843=VERTEX_POINT('',#2921);
#844=VERTEX_POINT('',#2925);
#845=VERTEX_POINT('',#2927);
#846=VERTEX_POINT('',#2929);
#847=VERTEX_POINT('',#2931);
#848=VERTEX_POINT('',#2935);
#849=VERTEX_POINT('',#2939);
#850=VERTEX_POINT('',#2941);
#851=VERTEX_POINT('',#2943);
#852=VERTEX_POINT('',#2946);
#853=VERTEX_POINT('',#2948);
#854=VERTEX_POINT('',#2950);
#855=VERTEX_POINT('',#2954);
#856=VERTEX_POINT('',#2956);
#857=VERTEX_POINT('',#2960);
#858=VERTEX_POINT('',#2963);
#859=VERTEX_POINT('',#2965);
#860=VERTEX_POINT('',#2967);
#861=VERTEX_POINT('',#2971);
#862=VERTEX_POINT('',#2973);
#863=VERTEX_POINT('',#2977);
#864=VERTEX_POINT('',#2979);
#865=VERTEX_POINT('',#2983);
#866=VERTEX_POINT('',#2987);
#867=VERTEX_POINT('',#2988);
#868=VERTEX_POINT('',#2993);
#869=VERTEX_POINT('',#2998);
#870=VERTEX_POINT('',#3002);
#871=VERTEX_POINT('',#3007);
#872=VERTEX_POINT('',#3013);
#873=VERTEX_POINT('',#3015);
#874=VERTEX_POINT('',#3017);
#875=VERTEX_POINT('',#3025);
#876=VERTEX_POINT('',#3029);
#877=VERTEX_POINT('',#3033);
#878=VERTEX_POINT('',#3050);
#879=VERTEX_POINT('',#3054);
#880=VERTEX_POINT('',#3058);
#881=VERTEX_POINT('',#3062);
#882=VERTEX_POINT('',#3063);
#883=VERTEX_POINT('',#3069);
#884=VERTEX_POINT('',#3071);
#885=VERTEX_POINT('',#3073);
#886=VERTEX_POINT('',#3075);
#887=VERTEX_POINT('',#3078);
#888=VERTEX_POINT('',#3080);
#889=VERTEX_POINT('',#3082);
#890=VERTEX_POINT('',#3084);
#891=VERTEX_POINT('',#3086);
#892=VERTEX_POINT('',#3088);
#893=VERTEX_POINT('',#3090);
#894=VERTEX_POINT('',#3092);
#895=VERTEX_POINT('',#3094);
#896=VERTEX_POINT('',#3096);
#897=VERTEX_POINT('',#3098);
#898=VERTEX_POINT('',#3100);
#899=VERTEX_POINT('',#3134);
#900=VERTEX_POINT('',#3135);
#901=EDGE_CURVE('',#733,#733,#625,.T.);
#902=EDGE_CURVE('',#733,#734,#329,.T.);
#903=EDGE_CURVE('',#734,#734,#626,.T.);
#904=EDGE_CURVE('',#735,#735,#627,.T.);
#905=EDGE_CURVE('',#735,#736,#330,.T.);
#906=EDGE_CURVE('',#736,#736,#628,.T.);
#907=EDGE_CURVE('',#737,#737,#629,.T.);
#908=EDGE_CURVE('',#737,#738,#331,.T.);
#909=EDGE_CURVE('',#738,#738,#630,.T.);
#910=EDGE_CURVE('',#739,#739,#631,.T.);
#911=EDGE_CURVE('',#739,#740,#332,.T.);
#912=EDGE_CURVE('',#740,#740,#632,.T.);
#913=EDGE_CURVE('',#741,#742,#633,.T.);
#914=EDGE_CURVE('',#743,#742,#634,.F.);
#915=EDGE_CURVE('',#743,#744,#333,.T.);
#916=EDGE_CURVE('',#744,#745,#635,.T.);
#917=EDGE_CURVE('',#745,#746,#334,.T.);
#918=EDGE_CURVE('',#746,#747,#636,.T.);
#919=EDGE_CURVE('',#747,#748,#335,.T.);
#920=EDGE_CURVE('',#748,#749,#637,.T.);
#921=EDGE_CURVE('',#749,#750,#336,.T.);
#922=EDGE_CURVE('',#750,#751,#638,.T.);
#923=EDGE_CURVE('',#751,#752,#337,.T.);
#924=EDGE_CURVE('',#753,#752,#639,.F.);
#925=EDGE_CURVE('',#753,#754,#640,.T.);
#926=EDGE_CURVE('',#741,#754,#338,.T.);
#927=EDGE_CURVE('',#755,#755,#641,.T.);
#928=EDGE_CURVE('',#756,#756,#642,.T.);
#929=EDGE_CURVE('',#757,#757,#643,.T.);
#930=EDGE_CURVE('',#758,#758,#644,.T.);
#931=EDGE_CURVE('',#759,#759,#645,.T.);
#932=EDGE_CURVE('',#759,#760,#339,.T.);
#933=EDGE_CURVE('',#760,#760,#646,.T.);
#934=EDGE_CURVE('',#761,#761,#647,.T.);
#935=EDGE_CURVE('',#761,#758,#340,.T.);
#936=EDGE_CURVE('',#762,#762,#648,.T.);
#937=EDGE_CURVE('',#762,#763,#341,.T.);
#938=EDGE_CURVE('',#763,#763,#649,.F.);
#939=EDGE_CURVE('',#764,#764,#650,.T.);
#940=EDGE_CURVE('',#764,#765,#342,.T.);
#941=EDGE_CURVE('',#765,#765,#651,.F.);
#942=EDGE_CURVE('',#766,#766,#652,.T.);
#943=EDGE_CURVE('',#766,#767,#343,.T.);
#944=EDGE_CURVE('',#767,#767,#653,.F.);
#945=EDGE_CURVE('',#768,#768,#654,.T.);
#946=EDGE_CURVE('',#768,#757,#344,.T.);
#947=EDGE_CURVE('',#769,#769,#655,.T.);
#948=EDGE_CURVE('',#769,#756,#345,.T.);
#949=EDGE_CURVE('',#770,#770,#656,.T.);
#950=EDGE_CURVE('',#770,#755,#346,.T.);
#951=EDGE_CURVE('',#771,#771,#657,.T.);
#952=EDGE_CURVE('',#772,#772,#658,.T.);
#953=EDGE_CURVE('',#773,#773,#659,.T.);
#954=EDGE_CURVE('',#773,#771,#347,.T.);
#955=EDGE_CURVE('',#772,#774,#348,.T.);
#956=EDGE_CURVE('',#774,#774,#660,.T.);
#957=EDGE_CURVE('',#775,#775,#661,.T.);
#958=EDGE_CURVE('',#776,#776,#662,.T.);
#959=EDGE_CURVE('',#777,#777,#663,.T.);
#960=EDGE_CURVE('',#777,#775,#349,.T.);
#961=EDGE_CURVE('',#776,#778,#350,.T.);
#962=EDGE_CURVE('',#778,#778,#664,.T.);
#963=EDGE_CURVE('',#779,#779,#665,.T.);
#964=EDGE_CURVE('',#780,#780,#666,.T.);
#965=EDGE_CURVE('',#781,#781,#667,.T.);
#966=EDGE_CURVE('',#781,#779,#351,.T.);
#967=EDGE_CURVE('',#780,#782,#352,.T.);
#968=EDGE_CURVE('',#782,#782,#668,.T.);
#969=EDGE_CURVE('',#783,#783,#669,.T.);
#970=EDGE_CURVE('',#784,#784,#670,.T.);
#971=EDGE_CURVE('',#785,#785,#671,.T.);
#972=EDGE_CURVE('',#785,#783,#353,.T.);
#973=EDGE_CURVE('',#784,#786,#354,.T.);
#974=EDGE_CURVE('',#786,#786,#672,.T.);
#975=EDGE_CURVE('',#787,#788,#355,.T.);
#976=EDGE_CURVE('',#789,#787,#673,.T.);
#977=EDGE_CURVE('',#790,#789,#356,.T.);
#978=EDGE_CURVE('',#791,#790,#357,.T.);
#979=EDGE_CURVE('',#792,#791,#358,.T.);
#980=EDGE_CURVE('',#793,#792,#359,.T.);
#981=EDGE_CURVE('',#794,#793,#360,.T.);
#982=EDGE_CURVE('',#795,#794,#674,.T.);
#983=EDGE_CURVE('',#796,#795,#361,.T.);
#984=EDGE_CURVE('',#788,#796,#362,.T.);
#985=EDGE_CURVE('',#797,#798,#363,.T.);
#986=EDGE_CURVE('',#799,#797,#675,.T.);
#987=EDGE_CURVE('',#800,#799,#364,.T.);
#988=EDGE_CURVE('',#801,#800,#365,.T.);
#989=EDGE_CURVE('',#802,#801,#366,.T.);
#990=EDGE_CURVE('',#803,#802,#676,.T.);
#991=EDGE_CURVE('',#804,#803,#367,.T.);
#992=EDGE_CURVE('',#805,#804,#368,.T.);
#993=EDGE_CURVE('',#806,#805,#369,.T.);
#994=EDGE_CURVE('',#798,#806,#370,.T.);
#995=EDGE_CURVE('',#807,#808,#371,.T.);
#996=EDGE_CURVE('',#809,#807,#677,.T.);
#997=EDGE_CURVE('',#810,#809,#372,.T.);
#998=EDGE_CURVE('',#811,#810,#373,.T.);
#999=EDGE_CURVE('',#812,#811,#374,.T.);
#1000=EDGE_CURVE('',#813,#812,#678,.T.);
#1001=EDGE_CURVE('',#814,#813,#375,.T.);
#1002=EDGE_CURVE('',#815,#814,#679,.T.);
#1003=EDGE_CURVE('',#816,#815,#376,.T.);
#1004=EDGE_CURVE('',#817,#816,#377,.T.);
#1005=EDGE_CURVE('',#818,#817,#378,.T.);
#1006=EDGE_CURVE('',#808,#818,#680,.T.);
#1007=EDGE_CURVE('',#792,#819,#379,.T.);
#1008=EDGE_CURVE('',#820,#819,#380,.T.);
#1009=EDGE_CURVE('',#793,#820,#381,.T.);
#1010=EDGE_CURVE('',#821,#790,#681,.T.);
#1011=EDGE_CURVE('',#821,#822,#382,.T.);
#1012=EDGE_CURVE('',#791,#822,#682,.T.);
#1013=EDGE_CURVE('',#787,#823,#383,.T.);
#1014=EDGE_CURVE('',#824,#823,#683,.T.);
#1015=EDGE_CURVE('',#824,#789,#384,.T.);
#1016=EDGE_CURVE('',#802,#825,#385,.T.);
#1017=EDGE_CURVE('',#826,#825,#684,.T.);
#1018=EDGE_CURVE('',#826,#803,#386,.T.);
#1019=EDGE_CURVE('',#827,#800,#387,.T.);
#1020=EDGE_CURVE('',#828,#827,#388,.T.);
#1021=EDGE_CURVE('',#801,#828,#389,.T.);
#1022=EDGE_CURVE('',#829,#822,#390,.T.);
#1023=EDGE_CURVE('',#829,#830,#685,.T.);
#1024=EDGE_CURVE('',#831,#830,#391,.T.);
#1025=EDGE_CURVE('',#831,#832,#686,.T.);
#1026=EDGE_CURVE('',#833,#832,#392,.T.);
#1027=EDGE_CURVE('',#833,#806,#687,.T.);
#1028=EDGE_CURVE('',#834,#805,#393,.T.);
#1029=EDGE_CURVE('',#835,#834,#688,.T.);
#1030=EDGE_CURVE('',#836,#835,#394,.T.);
#1031=EDGE_CURVE('',#819,#836,#689,.T.);
#1032=EDGE_CURVE('',#797,#837,#395,.T.);
#1033=EDGE_CURVE('',#838,#837,#690,.T.);
#1034=EDGE_CURVE('',#838,#799,#396,.T.);
#1035=EDGE_CURVE('',#837,#824,#397,.T.);
#1036=EDGE_CURVE('',#798,#839,#691,.T.);
#1037=EDGE_CURVE('',#839,#840,#398,.T.);
#1038=EDGE_CURVE('',#840,#841,#692,.T.);
#1039=EDGE_CURVE('',#841,#842,#399,.T.);
#1040=EDGE_CURVE('',#842,#843,#693,.T.);
#1041=EDGE_CURVE('',#843,#821,#400,.T.);
#1042=EDGE_CURVE('',#844,#813,#401,.T.);
#1043=EDGE_CURVE('',#845,#844,#402,.T.);
#1044=EDGE_CURVE('',#845,#846,#403,.T.);
#1045=EDGE_CURVE('',#847,#846,#404,.T.);
#1046=EDGE_CURVE('',#814,#847,#405,.T.);
#1047=EDGE_CURVE('',#812,#848,#406,.T.);
#1048=EDGE_CURVE('',#844,#848,#694,.T.);
#1049=EDGE_CURVE('',#849,#828,#695,.T.);
#1050=EDGE_CURVE('',#849,#850,#407,.T.);
#1051=EDGE_CURVE('',#851,#850,#696,.T.);
#1052=EDGE_CURVE('',#851,#816,#408,.T.);
#1053=EDGE_CURVE('',#852,#815,#409,.T.);
#1054=EDGE_CURVE('',#853,#852,#410,.T.);
#1055=EDGE_CURVE('',#853,#854,#411,.T.);
#1056=EDGE_CURVE('',#825,#854,#412,.T.);
#1057=EDGE_CURVE('',#855,#810,#413,.T.);
#1058=EDGE_CURVE('',#856,#855,#414,.T.);
#1059=EDGE_CURVE('',#811,#856,#415,.T.);
#1060=EDGE_CURVE('',#857,#838,#416,.T.);
#1061=EDGE_CURVE('',#818,#857,#417,.T.);
#1062=EDGE_CURVE('',#817,#858,#418,.T.);
#1063=EDGE_CURVE('',#858,#859,#697,.T.);
#1064=EDGE_CURVE('',#859,#860,#419,.T.);
#1065=EDGE_CURVE('',#860,#827,#698,.T.);
#1066=EDGE_CURVE('',#807,#861,#420,.T.);
#1067=EDGE_CURVE('',#862,#861,#699,.T.);
#1068=EDGE_CURVE('',#862,#809,#421,.T.);
#1069=EDGE_CURVE('',#837,#863,#700,.T.);
#1070=EDGE_CURVE('',#863,#864,#701,.T.);
#1071=EDGE_CURVE('',#864,#838,#702,.T.);
#1072=EDGE_CURVE('',#865,#857,#703,.T.);
#1073=EDGE_CURVE('',#864,#865,#422,.T.);
#1074=EDGE_CURVE('',#866,#867,#704,.T.);
#1075=EDGE_CURVE('',#867,#857,#705,.T.);
#1076=EDGE_CURVE('',#865,#866,#706,.T.);
#1077=EDGE_CURVE('',#868,#861,#707,.T.);
#1078=EDGE_CURVE('',#861,#867,#423,.T.);
#1079=EDGE_CURVE('',#866,#868,#424,.T.);
#1080=EDGE_CURVE('',#869,#862,#708,.T.);
#1081=EDGE_CURVE('',#868,#869,#709,.T.);
#1082=EDGE_CURVE('',#870,#823,#710,.T.);
#1083=EDGE_CURVE('',#823,#862,#425,.T.);
#1084=EDGE_CURVE('',#869,#870,#426,.T.);
#1085=EDGE_CURVE('',#871,#824,#711,.T.);
#1086=EDGE_CURVE('',#870,#871,#712,.T.);
#1087=EDGE_CURVE('',#871,#863,#427,.T.);
#1088=EDGE_CURVE('',#788,#872,#428,.T.);
#1089=EDGE_CURVE('',#872,#873,#713,.T.);
#1090=EDGE_CURVE('',#873,#874,#429,.T.);
#1091=EDGE_CURVE('',#874,#855,#714,.T.);
#1092=EDGE_CURVE('',#867,#808,#430,.T.);
#1093=EDGE_CURVE('',#874,#875,#431,.T.);
#1094=EDGE_CURVE('',#875,#856,#715,.T.);
#1095=EDGE_CURVE('',#876,#873,#432,.T.);
#1096=EDGE_CURVE('',#875,#876,#433,.T.);
#1097=EDGE_CURVE('',#872,#877,#434,.T.);
#1098=EDGE_CURVE('',#877,#876,#716,.T.);
#1099=EDGE_CURVE('',#858,#851,#435,.T.);
#1100=EDGE_CURVE('',#850,#859,#436,.T.);
#1101=EDGE_CURVE('',#860,#849,#437,.T.);
#1102=EDGE_CURVE('',#842,#830,#438,.T.);
#1103=EDGE_CURVE('',#829,#843,#439,.T.);
#1104=EDGE_CURVE('',#831,#841,#440,.T.);
#1105=EDGE_CURVE('',#832,#840,#441,.T.);
#1106=EDGE_CURVE('',#836,#878,#442,.T.);
#1107=EDGE_CURVE('',#878,#820,#717,.T.);
#1108=EDGE_CURVE('',#879,#835,#443,.T.);
#1109=EDGE_CURVE('',#879,#878,#444,.T.);
#1110=EDGE_CURVE('',#880,#879,#718,.T.);
#1111=EDGE_CURVE('',#834,#880,#445,.T.);
#1112=EDGE_CURVE('',#881,#882,#719,.T.);
#1113=EDGE_CURVE('',#882,#743,#446,.T.);
#1114=EDGE_CURVE('',#742,#881,#447,.T.);
#1115=EDGE_CURVE('',#846,#853,#720,.T.);
#1116=EDGE_CURVE('',#883,#845,#721,.T.);
#1117=EDGE_CURVE('',#884,#883,#448,.T.);
#1118=EDGE_CURVE('',#885,#884,#722,.T.);
#1119=EDGE_CURVE('',#886,#885,#449,.T.);
#1120=EDGE_CURVE('',#854,#886,#723,.T.);
#1121=EDGE_CURVE('',#887,#881,#724,.T.);
#1122=EDGE_CURVE('',#887,#888,#450,.T.);
#1123=EDGE_CURVE('',#889,#888,#725,.T.);
#1124=EDGE_CURVE('',#890,#889,#726,.T.);
#1125=EDGE_CURVE('',#890,#891,#451,.T.);
#1126=EDGE_CURVE('',#891,#892,#727,.T.);
#1127=EDGE_CURVE('',#892,#893,#452,.T.);
#1128=EDGE_CURVE('',#893,#894,#728,.T.);
#1129=EDGE_CURVE('',#894,#895,#453,.T.);
#1130=EDGE_CURVE('',#895,#896,#729,.T.);
#1131=EDGE_CURVE('',#896,#897,#454,.T.);
#1132=EDGE_CURVE('',#897,#898,#730,.T.);
#1133=EDGE_CURVE('',#898,#882,#455,.T.);
#1134=EDGE_CURVE('',#741,#887,#456,.T.);
#1135=EDGE_CURVE('',#889,#753,#457,.T.);
#1136=EDGE_CURVE('',#752,#890,#458,.T.);
#1137=EDGE_CURVE('',#751,#891,#459,.T.);
#1138=EDGE_CURVE('',#888,#754,#460,.T.);
#1139=EDGE_CURVE('',#852,#847,#731,.T.);
#1140=EDGE_CURVE('',#848,#883,#461,.T.);
#1141=EDGE_CURVE('',#747,#895,#462,.T.);
#1142=EDGE_CURVE('',#748,#894,#463,.T.);
#1143=EDGE_CURVE('',#749,#893,#464,.T.);
#1144=EDGE_CURVE('',#750,#892,#465,.T.);
#1145=EDGE_CURVE('',#744,#898,#466,.T.);
#1146=EDGE_CURVE('',#745,#897,#467,.T.);
#1147=EDGE_CURVE('',#746,#896,#468,.T.);
#1148=EDGE_CURVE('',#899,#900,#732,.T.);
#1149=EDGE_CURVE('',#900,#885,#469,.T.);
#1150=EDGE_CURVE('',#884,#899,#470,.T.);
#1151=EDGE_CURVE('',#886,#826,#471,.T.);
#1152=EDGE_CURVE('',#877,#796,#472,.T.);
#1153=EDGE_CURVE('',#833,#839,#473,.T.);
#1154=EDGE_CURVE('',#880,#804,#474,.T.);
#1155=EDGE_CURVE('',#794,#900,#475,.T.);
#1156=EDGE_CURVE('',#899,#795,#476,.T.);
#1157=ORIENTED_EDGE('',*,*,#901,.F.);
#1158=ORIENTED_EDGE('',*,*,#902,.T.);
#1159=ORIENTED_EDGE('',*,*,#903,.F.);
#1160=ORIENTED_EDGE('',*,*,#902,.F.);
#1161=ORIENTED_EDGE('',*,*,#904,.F.);
#1162=ORIENTED_EDGE('',*,*,#905,.T.);
#1163=ORIENTED_EDGE('',*,*,#906,.F.);
#1164=ORIENTED_EDGE('',*,*,#905,.F.);
#1165=ORIENTED_EDGE('',*,*,#904,.T.);
#1166=ORIENTED_EDGE('',*,*,#901,.T.);
#1167=ORIENTED_EDGE('',*,*,#903,.T.);
#1168=ORIENTED_EDGE('',*,*,#907,.F.);
#1169=ORIENTED_EDGE('',*,*,#908,.T.);
#1170=ORIENTED_EDGE('',*,*,#909,.F.);
#1171=ORIENTED_EDGE('',*,*,#908,.F.);
#1172=ORIENTED_EDGE('',*,*,#910,.F.);
#1173=ORIENTED_EDGE('',*,*,#911,.T.);
#1174=ORIENTED_EDGE('',*,*,#912,.F.);
#1175=ORIENTED_EDGE('',*,*,#911,.F.);
#1176=ORIENTED_EDGE('',*,*,#910,.T.);
#1177=ORIENTED_EDGE('',*,*,#907,.T.);
#1178=ORIENTED_EDGE('',*,*,#913,.T.);
#1179=ORIENTED_EDGE('',*,*,#914,.F.);
#1180=ORIENTED_EDGE('',*,*,#915,.T.);
#1181=ORIENTED_EDGE('',*,*,#916,.T.);
#1182=ORIENTED_EDGE('',*,*,#917,.T.);
#1183=ORIENTED_EDGE('',*,*,#918,.T.);
#1184=ORIENTED_EDGE('',*,*,#919,.T.);
#1185=ORIENTED_EDGE('',*,*,#920,.T.);
#1186=ORIENTED_EDGE('',*,*,#921,.T.);
#1187=ORIENTED_EDGE('',*,*,#922,.T.);
#1188=ORIENTED_EDGE('',*,*,#923,.T.);
#1189=ORIENTED_EDGE('',*,*,#924,.F.);
#1190=ORIENTED_EDGE('',*,*,#925,.T.);
#1191=ORIENTED_EDGE('',*,*,#926,.F.);
#1192=ORIENTED_EDGE('',*,*,#912,.T.);
#1193=ORIENTED_EDGE('',*,*,#927,.T.);
#1194=ORIENTED_EDGE('',*,*,#928,.T.);
#1195=ORIENTED_EDGE('',*,*,#929,.T.);
#1196=ORIENTED_EDGE('',*,*,#930,.T.);
#1197=ORIENTED_EDGE('',*,*,#906,.T.);
#1198=ORIENTED_EDGE('',*,*,#931,.F.);
#1199=ORIENTED_EDGE('',*,*,#932,.T.);
#1200=ORIENTED_EDGE('',*,*,#933,.F.);
#1201=ORIENTED_EDGE('',*,*,#932,.F.);
#1202=ORIENTED_EDGE('',*,*,#934,.F.);
#1203=ORIENTED_EDGE('',*,*,#935,.T.);
#1204=ORIENTED_EDGE('',*,*,#930,.F.);
#1205=ORIENTED_EDGE('',*,*,#935,.F.);
#1206=ORIENTED_EDGE('',*,*,#934,.T.);
#1207=ORIENTED_EDGE('',*,*,#931,.T.);
#1208=ORIENTED_EDGE('',*,*,#909,.T.);
#1209=ORIENTED_EDGE('',*,*,#936,.F.);
#1210=ORIENTED_EDGE('',*,*,#937,.T.);
#1211=ORIENTED_EDGE('',*,*,#938,.F.);
#1212=ORIENTED_EDGE('',*,*,#937,.F.);
#1213=ORIENTED_EDGE('',*,*,#939,.F.);
#1214=ORIENTED_EDGE('',*,*,#940,.T.);
#1215=ORIENTED_EDGE('',*,*,#941,.F.);
#1216=ORIENTED_EDGE('',*,*,#940,.F.);
#1217=ORIENTED_EDGE('',*,*,#942,.F.);
#1218=ORIENTED_EDGE('',*,*,#943,.T.);
#1219=ORIENTED_EDGE('',*,*,#944,.F.);
#1220=ORIENTED_EDGE('',*,*,#943,.F.);
#1221=ORIENTED_EDGE('',*,*,#945,.F.);
#1222=ORIENTED_EDGE('',*,*,#946,.T.);
#1223=ORIENTED_EDGE('',*,*,#929,.F.);
#1224=ORIENTED_EDGE('',*,*,#946,.F.);
#1225=ORIENTED_EDGE('',*,*,#945,.T.);
#1226=ORIENTED_EDGE('',*,*,#942,.T.);
#1227=ORIENTED_EDGE('',*,*,#947,.F.);
#1228=ORIENTED_EDGE('',*,*,#948,.T.);
#1229=ORIENTED_EDGE('',*,*,#928,.F.);
#1230=ORIENTED_EDGE('',*,*,#948,.F.);
#1231=ORIENTED_EDGE('',*,*,#947,.T.);
#1232=ORIENTED_EDGE('',*,*,#936,.T.);
#1233=ORIENTED_EDGE('',*,*,#949,.F.);
#1234=ORIENTED_EDGE('',*,*,#950,.T.);
#1235=ORIENTED_EDGE('',*,*,#927,.F.);
#1236=ORIENTED_EDGE('',*,*,#950,.F.);
#1237=ORIENTED_EDGE('',*,*,#949,.T.);
#1238=ORIENTED_EDGE('',*,*,#939,.T.);
#1239=ORIENTED_EDGE('',*,*,#951,.F.);
#1240=ORIENTED_EDGE('',*,*,#952,.T.);
#1241=ORIENTED_EDGE('',*,*,#953,.F.);
#1242=ORIENTED_EDGE('',*,*,#954,.T.);
#1243=ORIENTED_EDGE('',*,*,#951,.T.);
#1244=ORIENTED_EDGE('',*,*,#954,.F.);
#1245=ORIENTED_EDGE('',*,*,#952,.F.);
#1246=ORIENTED_EDGE('',*,*,#955,.T.);
#1247=ORIENTED_EDGE('',*,*,#956,.F.);
#1248=ORIENTED_EDGE('',*,*,#955,.F.);
#1249=ORIENTED_EDGE('',*,*,#957,.F.);
#1250=ORIENTED_EDGE('',*,*,#958,.T.);
#1251=ORIENTED_EDGE('',*,*,#959,.F.);
#1252=ORIENTED_EDGE('',*,*,#960,.T.);
#1253=ORIENTED_EDGE('',*,*,#957,.T.);
#1254=ORIENTED_EDGE('',*,*,#960,.F.);
#1255=ORIENTED_EDGE('',*,*,#958,.F.);
#1256=ORIENTED_EDGE('',*,*,#961,.T.);
#1257=ORIENTED_EDGE('',*,*,#962,.F.);
#1258=ORIENTED_EDGE('',*,*,#961,.F.);
#1259=ORIENTED_EDGE('',*,*,#963,.F.);
#1260=ORIENTED_EDGE('',*,*,#964,.T.);
#1261=ORIENTED_EDGE('',*,*,#965,.F.);
#1262=ORIENTED_EDGE('',*,*,#966,.T.);
#1263=ORIENTED_EDGE('',*,*,#963,.T.);
#1264=ORIENTED_EDGE('',*,*,#966,.F.);
#1265=ORIENTED_EDGE('',*,*,#964,.F.);
#1266=ORIENTED_EDGE('',*,*,#967,.T.);
#1267=ORIENTED_EDGE('',*,*,#968,.F.);
#1268=ORIENTED_EDGE('',*,*,#967,.F.);
#1269=ORIENTED_EDGE('',*,*,#969,.F.);
#1270=ORIENTED_EDGE('',*,*,#970,.T.);
#1271=ORIENTED_EDGE('',*,*,#971,.F.);
#1272=ORIENTED_EDGE('',*,*,#972,.T.);
#1273=ORIENTED_EDGE('',*,*,#969,.T.);
#1274=ORIENTED_EDGE('',*,*,#972,.F.);
#1275=ORIENTED_EDGE('',*,*,#970,.F.);
#1276=ORIENTED_EDGE('',*,*,#973,.T.);
#1277=ORIENTED_EDGE('',*,*,#974,.F.);
#1278=ORIENTED_EDGE('',*,*,#973,.F.);
#1279=ORIENTED_EDGE('',*,*,#975,.F.);
#1280=ORIENTED_EDGE('',*,*,#976,.F.);
#1281=ORIENTED_EDGE('',*,*,#977,.F.);
#1282=ORIENTED_EDGE('',*,*,#978,.F.);
#1283=ORIENTED_EDGE('',*,*,#979,.F.);
#1284=ORIENTED_EDGE('',*,*,#980,.F.);
#1285=ORIENTED_EDGE('',*,*,#981,.F.);
#1286=ORIENTED_EDGE('',*,*,#982,.F.);
#1287=ORIENTED_EDGE('',*,*,#983,.F.);
#1288=ORIENTED_EDGE('',*,*,#984,.F.);
#1289=ORIENTED_EDGE('',*,*,#974,.T.);
#1290=ORIENTED_EDGE('',*,*,#985,.F.);
#1291=ORIENTED_EDGE('',*,*,#986,.F.);
#1292=ORIENTED_EDGE('',*,*,#987,.F.);
#1293=ORIENTED_EDGE('',*,*,#988,.F.);
#1294=ORIENTED_EDGE('',*,*,#989,.F.);
#1295=ORIENTED_EDGE('',*,*,#990,.F.);
#1296=ORIENTED_EDGE('',*,*,#991,.F.);
#1297=ORIENTED_EDGE('',*,*,#992,.F.);
#1298=ORIENTED_EDGE('',*,*,#993,.F.);
#1299=ORIENTED_EDGE('',*,*,#994,.F.);
#1300=ORIENTED_EDGE('',*,*,#962,.T.);
#1301=ORIENTED_EDGE('',*,*,#995,.F.);
#1302=ORIENTED_EDGE('',*,*,#996,.F.);
#1303=ORIENTED_EDGE('',*,*,#997,.F.);
#1304=ORIENTED_EDGE('',*,*,#998,.F.);
#1305=ORIENTED_EDGE('',*,*,#999,.F.);
#1306=ORIENTED_EDGE('',*,*,#1000,.F.);
#1307=ORIENTED_EDGE('',*,*,#1001,.F.);
#1308=ORIENTED_EDGE('',*,*,#1002,.F.);
#1309=ORIENTED_EDGE('',*,*,#1003,.F.);
#1310=ORIENTED_EDGE('',*,*,#1004,.F.);
#1311=ORIENTED_EDGE('',*,*,#1005,.F.);
#1312=ORIENTED_EDGE('',*,*,#1006,.F.);
#1313=ORIENTED_EDGE('',*,*,#956,.T.);
#1314=ORIENTED_EDGE('',*,*,#968,.T.);
#1315=ORIENTED_EDGE('',*,*,#980,.T.);
#1316=ORIENTED_EDGE('',*,*,#1007,.T.);
#1317=ORIENTED_EDGE('',*,*,#1008,.F.);
#1318=ORIENTED_EDGE('',*,*,#1009,.F.);
#1319=ORIENTED_EDGE('',*,*,#978,.T.);
#1320=ORIENTED_EDGE('',*,*,#1010,.F.);
#1321=ORIENTED_EDGE('',*,*,#1011,.T.);
#1322=ORIENTED_EDGE('',*,*,#1012,.F.);
#1323=ORIENTED_EDGE('',*,*,#976,.T.);
#1324=ORIENTED_EDGE('',*,*,#1013,.T.);
#1325=ORIENTED_EDGE('',*,*,#1014,.F.);
#1326=ORIENTED_EDGE('',*,*,#1015,.T.);
#1327=ORIENTED_EDGE('',*,*,#990,.T.);
#1328=ORIENTED_EDGE('',*,*,#1016,.T.);
#1329=ORIENTED_EDGE('',*,*,#1017,.F.);
#1330=ORIENTED_EDGE('',*,*,#1018,.T.);
#1331=ORIENTED_EDGE('',*,*,#988,.T.);
#1332=ORIENTED_EDGE('',*,*,#1019,.F.);
#1333=ORIENTED_EDGE('',*,*,#1020,.F.);
#1334=ORIENTED_EDGE('',*,*,#1021,.F.);
#1335=ORIENTED_EDGE('',*,*,#979,.T.);
#1336=ORIENTED_EDGE('',*,*,#1012,.T.);
#1337=ORIENTED_EDGE('',*,*,#1022,.F.);
#1338=ORIENTED_EDGE('',*,*,#1023,.T.);
#1339=ORIENTED_EDGE('',*,*,#1024,.F.);
#1340=ORIENTED_EDGE('',*,*,#1025,.T.);
#1341=ORIENTED_EDGE('',*,*,#1026,.F.);
#1342=ORIENTED_EDGE('',*,*,#1027,.T.);
#1343=ORIENTED_EDGE('',*,*,#993,.T.);
#1344=ORIENTED_EDGE('',*,*,#1028,.F.);
#1345=ORIENTED_EDGE('',*,*,#1029,.F.);
#1346=ORIENTED_EDGE('',*,*,#1030,.F.);
#1347=ORIENTED_EDGE('',*,*,#1031,.F.);
#1348=ORIENTED_EDGE('',*,*,#1007,.F.);
#1349=ORIENTED_EDGE('',*,*,#986,.T.);
#1350=ORIENTED_EDGE('',*,*,#1032,.T.);
#1351=ORIENTED_EDGE('',*,*,#1033,.F.);
#1352=ORIENTED_EDGE('',*,*,#1034,.T.);
#1353=ORIENTED_EDGE('',*,*,#977,.T.);
#1354=ORIENTED_EDGE('',*,*,#1015,.F.);
#1355=ORIENTED_EDGE('',*,*,#1035,.F.);
#1356=ORIENTED_EDGE('',*,*,#1032,.F.);
#1357=ORIENTED_EDGE('',*,*,#985,.T.);
#1358=ORIENTED_EDGE('',*,*,#1036,.T.);
#1359=ORIENTED_EDGE('',*,*,#1037,.T.);
#1360=ORIENTED_EDGE('',*,*,#1038,.T.);
#1361=ORIENTED_EDGE('',*,*,#1039,.T.);
#1362=ORIENTED_EDGE('',*,*,#1040,.T.);
#1363=ORIENTED_EDGE('',*,*,#1041,.T.);
#1364=ORIENTED_EDGE('',*,*,#1010,.T.);
#1365=ORIENTED_EDGE('',*,*,#1001,.T.);
#1366=ORIENTED_EDGE('',*,*,#1042,.F.);
#1367=ORIENTED_EDGE('',*,*,#1043,.F.);
#1368=ORIENTED_EDGE('',*,*,#1044,.T.);
#1369=ORIENTED_EDGE('',*,*,#1045,.F.);
#1370=ORIENTED_EDGE('',*,*,#1046,.F.);
#1371=ORIENTED_EDGE('',*,*,#1000,.T.);
#1372=ORIENTED_EDGE('',*,*,#1047,.T.);
#1373=ORIENTED_EDGE('',*,*,#1048,.F.);
#1374=ORIENTED_EDGE('',*,*,#1042,.T.);
#1375=ORIENTED_EDGE('',*,*,#989,.T.);
#1376=ORIENTED_EDGE('',*,*,#1021,.T.);
#1377=ORIENTED_EDGE('',*,*,#1049,.F.);
#1378=ORIENTED_EDGE('',*,*,#1050,.T.);
#1379=ORIENTED_EDGE('',*,*,#1051,.F.);
#1380=ORIENTED_EDGE('',*,*,#1052,.T.);
#1381=ORIENTED_EDGE('',*,*,#1003,.T.);
#1382=ORIENTED_EDGE('',*,*,#1053,.F.);
#1383=ORIENTED_EDGE('',*,*,#1054,.F.);
#1384=ORIENTED_EDGE('',*,*,#1055,.T.);
#1385=ORIENTED_EDGE('',*,*,#1056,.F.);
#1386=ORIENTED_EDGE('',*,*,#1016,.F.);
#1387=ORIENTED_EDGE('',*,*,#998,.T.);
#1388=ORIENTED_EDGE('',*,*,#1057,.F.);
#1389=ORIENTED_EDGE('',*,*,#1058,.F.);
#1390=ORIENTED_EDGE('',*,*,#1059,.F.);
#1391=ORIENTED_EDGE('',*,*,#987,.T.);
#1392=ORIENTED_EDGE('',*,*,#1034,.F.);
#1393=ORIENTED_EDGE('',*,*,#1060,.F.);
#1394=ORIENTED_EDGE('',*,*,#1061,.F.);
#1395=ORIENTED_EDGE('',*,*,#1005,.T.);
#1396=ORIENTED_EDGE('',*,*,#1062,.T.);
#1397=ORIENTED_EDGE('',*,*,#1063,.T.);
#1398=ORIENTED_EDGE('',*,*,#1064,.T.);
#1399=ORIENTED_EDGE('',*,*,#1065,.T.);
#1400=ORIENTED_EDGE('',*,*,#1019,.T.);
#1401=ORIENTED_EDGE('',*,*,#996,.T.);
#1402=ORIENTED_EDGE('',*,*,#1066,.T.);
#1403=ORIENTED_EDGE('',*,*,#1067,.F.);
#1404=ORIENTED_EDGE('',*,*,#1068,.T.);
#1405=ORIENTED_EDGE('',*,*,#1069,.T.);
#1406=ORIENTED_EDGE('',*,*,#1070,.T.);
#1407=ORIENTED_EDGE('',*,*,#1071,.T.);
#1408=ORIENTED_EDGE('',*,*,#1033,.T.);
#1409=ORIENTED_EDGE('',*,*,#1072,.T.);
#1410=ORIENTED_EDGE('',*,*,#1060,.T.);
#1411=ORIENTED_EDGE('',*,*,#1071,.F.);
#1412=ORIENTED_EDGE('',*,*,#1073,.T.);
#1413=ORIENTED_EDGE('',*,*,#1074,.T.);
#1414=ORIENTED_EDGE('',*,*,#1075,.T.);
#1415=ORIENTED_EDGE('',*,*,#1072,.F.);
#1416=ORIENTED_EDGE('',*,*,#1076,.T.);
#1417=ORIENTED_EDGE('',*,*,#1077,.T.);
#1418=ORIENTED_EDGE('',*,*,#1078,.T.);
#1419=ORIENTED_EDGE('',*,*,#1074,.F.);
#1420=ORIENTED_EDGE('',*,*,#1079,.T.);
#1421=ORIENTED_EDGE('',*,*,#1080,.T.);
#1422=ORIENTED_EDGE('',*,*,#1067,.T.);
#1423=ORIENTED_EDGE('',*,*,#1077,.F.);
#1424=ORIENTED_EDGE('',*,*,#1081,.T.);
#1425=ORIENTED_EDGE('',*,*,#1082,.T.);
#1426=ORIENTED_EDGE('',*,*,#1083,.T.);
#1427=ORIENTED_EDGE('',*,*,#1080,.F.);
#1428=ORIENTED_EDGE('',*,*,#1084,.T.);
#1429=ORIENTED_EDGE('',*,*,#1085,.T.);
#1430=ORIENTED_EDGE('',*,*,#1014,.T.);
#1431=ORIENTED_EDGE('',*,*,#1082,.F.);
#1432=ORIENTED_EDGE('',*,*,#1086,.T.);
#1433=ORIENTED_EDGE('',*,*,#1085,.F.);
#1434=ORIENTED_EDGE('',*,*,#1087,.T.);
#1435=ORIENTED_EDGE('',*,*,#1069,.F.);
#1436=ORIENTED_EDGE('',*,*,#1035,.T.);
#1437=ORIENTED_EDGE('',*,*,#975,.T.);
#1438=ORIENTED_EDGE('',*,*,#1088,.T.);
#1439=ORIENTED_EDGE('',*,*,#1089,.T.);
#1440=ORIENTED_EDGE('',*,*,#1090,.T.);
#1441=ORIENTED_EDGE('',*,*,#1091,.T.);
#1442=ORIENTED_EDGE('',*,*,#1057,.T.);
#1443=ORIENTED_EDGE('',*,*,#997,.T.);
#1444=ORIENTED_EDGE('',*,*,#1068,.F.);
#1445=ORIENTED_EDGE('',*,*,#1083,.F.);
#1446=ORIENTED_EDGE('',*,*,#1013,.F.);
#1447=ORIENTED_EDGE('',*,*,#1070,.F.);
#1448=ORIENTED_EDGE('',*,*,#1087,.F.);
#1449=ORIENTED_EDGE('',*,*,#1086,.F.);
#1450=ORIENTED_EDGE('',*,*,#1084,.F.);
#1451=ORIENTED_EDGE('',*,*,#1081,.F.);
#1452=ORIENTED_EDGE('',*,*,#1079,.F.);
#1453=ORIENTED_EDGE('',*,*,#1076,.F.);
#1454=ORIENTED_EDGE('',*,*,#1073,.F.);
#1455=ORIENTED_EDGE('',*,*,#971,.T.);
#1456=ORIENTED_EDGE('',*,*,#965,.T.);
#1457=ORIENTED_EDGE('',*,*,#959,.T.);
#1458=ORIENTED_EDGE('',*,*,#953,.T.);
#1459=ORIENTED_EDGE('',*,*,#944,.T.);
#1460=ORIENTED_EDGE('',*,*,#941,.T.);
#1461=ORIENTED_EDGE('',*,*,#938,.T.);
#1462=ORIENTED_EDGE('',*,*,#995,.T.);
#1463=ORIENTED_EDGE('',*,*,#1092,.F.);
#1464=ORIENTED_EDGE('',*,*,#1078,.F.);
#1465=ORIENTED_EDGE('',*,*,#1066,.F.);
#1466=ORIENTED_EDGE('',*,*,#1006,.T.);
#1467=ORIENTED_EDGE('',*,*,#1061,.T.);
#1468=ORIENTED_EDGE('',*,*,#1075,.F.);
#1469=ORIENTED_EDGE('',*,*,#1092,.T.);
#1470=ORIENTED_EDGE('',*,*,#1093,.T.);
#1471=ORIENTED_EDGE('',*,*,#1094,.T.);
#1472=ORIENTED_EDGE('',*,*,#1058,.T.);
#1473=ORIENTED_EDGE('',*,*,#1091,.F.);
#1474=ORIENTED_EDGE('',*,*,#1093,.F.);
#1475=ORIENTED_EDGE('',*,*,#1090,.F.);
#1476=ORIENTED_EDGE('',*,*,#1095,.F.);
#1477=ORIENTED_EDGE('',*,*,#1096,.F.);
#1478=ORIENTED_EDGE('',*,*,#1097,.T.);
#1479=ORIENTED_EDGE('',*,*,#1098,.T.);
#1480=ORIENTED_EDGE('',*,*,#1095,.T.);
#1481=ORIENTED_EDGE('',*,*,#1089,.F.);
#1482=ORIENTED_EDGE('',*,*,#1099,.T.);
#1483=ORIENTED_EDGE('',*,*,#1051,.T.);
#1484=ORIENTED_EDGE('',*,*,#1100,.T.);
#1485=ORIENTED_EDGE('',*,*,#1063,.F.);
#1486=ORIENTED_EDGE('',*,*,#1049,.T.);
#1487=ORIENTED_EDGE('',*,*,#1020,.T.);
#1488=ORIENTED_EDGE('',*,*,#1065,.F.);
#1489=ORIENTED_EDGE('',*,*,#1101,.T.);
#1490=ORIENTED_EDGE('',*,*,#1100,.F.);
#1491=ORIENTED_EDGE('',*,*,#1050,.F.);
#1492=ORIENTED_EDGE('',*,*,#1101,.F.);
#1493=ORIENTED_EDGE('',*,*,#1064,.F.);
#1494=ORIENTED_EDGE('',*,*,#1102,.T.);
#1495=ORIENTED_EDGE('',*,*,#1023,.F.);
#1496=ORIENTED_EDGE('',*,*,#1103,.T.);
#1497=ORIENTED_EDGE('',*,*,#1040,.F.);
#1498=ORIENTED_EDGE('',*,*,#1102,.F.);
#1499=ORIENTED_EDGE('',*,*,#1039,.F.);
#1500=ORIENTED_EDGE('',*,*,#1104,.F.);
#1501=ORIENTED_EDGE('',*,*,#1024,.T.);
#1502=ORIENTED_EDGE('',*,*,#1025,.F.);
#1503=ORIENTED_EDGE('',*,*,#1104,.T.);
#1504=ORIENTED_EDGE('',*,*,#1038,.F.);
#1505=ORIENTED_EDGE('',*,*,#1105,.F.);
#1506=ORIENTED_EDGE('',*,*,#1031,.T.);
#1507=ORIENTED_EDGE('',*,*,#1106,.T.);
#1508=ORIENTED_EDGE('',*,*,#1107,.T.);
#1509=ORIENTED_EDGE('',*,*,#1008,.T.);
#1510=ORIENTED_EDGE('',*,*,#1106,.F.);
#1511=ORIENTED_EDGE('',*,*,#1030,.T.);
#1512=ORIENTED_EDGE('',*,*,#1108,.F.);
#1513=ORIENTED_EDGE('',*,*,#1109,.T.);
#1514=ORIENTED_EDGE('',*,*,#1110,.T.);
#1515=ORIENTED_EDGE('',*,*,#1108,.T.);
#1516=ORIENTED_EDGE('',*,*,#1029,.T.);
#1517=ORIENTED_EDGE('',*,*,#1111,.T.);
#1518=ORIENTED_EDGE('',*,*,#1112,.T.);
#1519=ORIENTED_EDGE('',*,*,#1113,.T.);
#1520=ORIENTED_EDGE('',*,*,#914,.T.);
#1521=ORIENTED_EDGE('',*,*,#1114,.T.);
#1522=ORIENTED_EDGE('',*,*,#1055,.F.);
#1523=ORIENTED_EDGE('',*,*,#1115,.F.);
#1524=ORIENTED_EDGE('',*,*,#1044,.F.);
#1525=ORIENTED_EDGE('',*,*,#1116,.F.);
#1526=ORIENTED_EDGE('',*,*,#1117,.F.);
#1527=ORIENTED_EDGE('',*,*,#1118,.F.);
#1528=ORIENTED_EDGE('',*,*,#1119,.F.);
#1529=ORIENTED_EDGE('',*,*,#1120,.F.);
#1530=ORIENTED_EDGE('',*,*,#1112,.F.);
#1531=ORIENTED_EDGE('',*,*,#1121,.F.);
#1532=ORIENTED_EDGE('',*,*,#1122,.T.);
#1533=ORIENTED_EDGE('',*,*,#1123,.F.);
#1534=ORIENTED_EDGE('',*,*,#1124,.F.);
#1535=ORIENTED_EDGE('',*,*,#1125,.T.);
#1536=ORIENTED_EDGE('',*,*,#1126,.T.);
#1537=ORIENTED_EDGE('',*,*,#1127,.T.);
#1538=ORIENTED_EDGE('',*,*,#1128,.T.);
#1539=ORIENTED_EDGE('',*,*,#1129,.T.);
#1540=ORIENTED_EDGE('',*,*,#1130,.T.);
#1541=ORIENTED_EDGE('',*,*,#1131,.T.);
#1542=ORIENTED_EDGE('',*,*,#1132,.T.);
#1543=ORIENTED_EDGE('',*,*,#1133,.T.);
#1544=ORIENTED_EDGE('',*,*,#1114,.F.);
#1545=ORIENTED_EDGE('',*,*,#913,.F.);
#1546=ORIENTED_EDGE('',*,*,#1134,.T.);
#1547=ORIENTED_EDGE('',*,*,#1121,.T.);
#1548=ORIENTED_EDGE('',*,*,#1124,.T.);
#1549=ORIENTED_EDGE('',*,*,#1135,.T.);
#1550=ORIENTED_EDGE('',*,*,#924,.T.);
#1551=ORIENTED_EDGE('',*,*,#1136,.T.);
#1552=ORIENTED_EDGE('',*,*,#1136,.F.);
#1553=ORIENTED_EDGE('',*,*,#923,.F.);
#1554=ORIENTED_EDGE('',*,*,#1137,.T.);
#1555=ORIENTED_EDGE('',*,*,#1125,.F.);
#1556=ORIENTED_EDGE('',*,*,#1135,.F.);
#1557=ORIENTED_EDGE('',*,*,#1123,.T.);
#1558=ORIENTED_EDGE('',*,*,#1138,.T.);
#1559=ORIENTED_EDGE('',*,*,#925,.F.);
#1560=ORIENTED_EDGE('',*,*,#1134,.F.);
#1561=ORIENTED_EDGE('',*,*,#926,.T.);
#1562=ORIENTED_EDGE('',*,*,#1138,.F.);
#1563=ORIENTED_EDGE('',*,*,#1122,.F.);
#1564=ORIENTED_EDGE('',*,*,#1139,.T.);
#1565=ORIENTED_EDGE('',*,*,#1045,.T.);
#1566=ORIENTED_EDGE('',*,*,#1115,.T.);
#1567=ORIENTED_EDGE('',*,*,#1054,.T.);
#1568=ORIENTED_EDGE('',*,*,#1048,.T.);
#1569=ORIENTED_EDGE('',*,*,#1140,.T.);
#1570=ORIENTED_EDGE('',*,*,#1116,.T.);
#1571=ORIENTED_EDGE('',*,*,#1043,.T.);
#1572=ORIENTED_EDGE('',*,*,#919,.F.);
#1573=ORIENTED_EDGE('',*,*,#1141,.T.);
#1574=ORIENTED_EDGE('',*,*,#1129,.F.);
#1575=ORIENTED_EDGE('',*,*,#1142,.F.);
#1576=ORIENTED_EDGE('',*,*,#920,.F.);
#1577=ORIENTED_EDGE('',*,*,#1142,.T.);
#1578=ORIENTED_EDGE('',*,*,#1128,.F.);
#1579=ORIENTED_EDGE('',*,*,#1143,.F.);
#1580=ORIENTED_EDGE('',*,*,#921,.F.);
#1581=ORIENTED_EDGE('',*,*,#1143,.T.);
#1582=ORIENTED_EDGE('',*,*,#1127,.F.);
#1583=ORIENTED_EDGE('',*,*,#1144,.F.);
#1584=ORIENTED_EDGE('',*,*,#922,.F.);
#1585=ORIENTED_EDGE('',*,*,#1144,.T.);
#1586=ORIENTED_EDGE('',*,*,#1126,.F.);
#1587=ORIENTED_EDGE('',*,*,#1137,.F.);
#1588=ORIENTED_EDGE('',*,*,#1113,.F.);
#1589=ORIENTED_EDGE('',*,*,#1133,.F.);
#1590=ORIENTED_EDGE('',*,*,#1145,.F.);
#1591=ORIENTED_EDGE('',*,*,#915,.F.);
#1592=ORIENTED_EDGE('',*,*,#916,.F.);
#1593=ORIENTED_EDGE('',*,*,#1145,.T.);
#1594=ORIENTED_EDGE('',*,*,#1132,.F.);
#1595=ORIENTED_EDGE('',*,*,#1146,.F.);
#1596=ORIENTED_EDGE('',*,*,#917,.F.);
#1597=ORIENTED_EDGE('',*,*,#1146,.T.);
#1598=ORIENTED_EDGE('',*,*,#1131,.F.);
#1599=ORIENTED_EDGE('',*,*,#1147,.F.);
#1600=ORIENTED_EDGE('',*,*,#918,.F.);
#1601=ORIENTED_EDGE('',*,*,#1147,.T.);
#1602=ORIENTED_EDGE('',*,*,#1130,.F.);
#1603=ORIENTED_EDGE('',*,*,#1141,.F.);
#1604=ORIENTED_EDGE('',*,*,#933,.T.);
#1605=ORIENTED_EDGE('',*,*,#1148,.T.);
#1606=ORIENTED_EDGE('',*,*,#1149,.T.);
#1607=ORIENTED_EDGE('',*,*,#1118,.T.);
#1608=ORIENTED_EDGE('',*,*,#1150,.T.);
#1609=ORIENTED_EDGE('',*,*,#1017,.T.);
#1610=ORIENTED_EDGE('',*,*,#1056,.T.);
#1611=ORIENTED_EDGE('',*,*,#1120,.T.);
#1612=ORIENTED_EDGE('',*,*,#1151,.T.);
#1613=ORIENTED_EDGE('',*,*,#984,.T.);
#1614=ORIENTED_EDGE('',*,*,#1152,.F.);
#1615=ORIENTED_EDGE('',*,*,#1097,.F.);
#1616=ORIENTED_EDGE('',*,*,#1088,.F.);
#1617=ORIENTED_EDGE('',*,*,#1004,.T.);
#1618=ORIENTED_EDGE('',*,*,#1052,.F.);
#1619=ORIENTED_EDGE('',*,*,#1099,.F.);
#1620=ORIENTED_EDGE('',*,*,#1062,.F.);
#1621=ORIENTED_EDGE('',*,*,#1011,.F.);
#1622=ORIENTED_EDGE('',*,*,#1041,.F.);
#1623=ORIENTED_EDGE('',*,*,#1103,.F.);
#1624=ORIENTED_EDGE('',*,*,#1022,.T.);
#1625=ORIENTED_EDGE('',*,*,#994,.T.);
#1626=ORIENTED_EDGE('',*,*,#1027,.F.);
#1627=ORIENTED_EDGE('',*,*,#1153,.T.);
#1628=ORIENTED_EDGE('',*,*,#1036,.F.);
#1629=ORIENTED_EDGE('',*,*,#1153,.F.);
#1630=ORIENTED_EDGE('',*,*,#1026,.T.);
#1631=ORIENTED_EDGE('',*,*,#1105,.T.);
#1632=ORIENTED_EDGE('',*,*,#1037,.F.);
#1633=ORIENTED_EDGE('',*,*,#992,.T.);
#1634=ORIENTED_EDGE('',*,*,#1154,.F.);
#1635=ORIENTED_EDGE('',*,*,#1111,.F.);
#1636=ORIENTED_EDGE('',*,*,#1028,.T.);
#1637=ORIENTED_EDGE('',*,*,#981,.T.);
#1638=ORIENTED_EDGE('',*,*,#1009,.T.);
#1639=ORIENTED_EDGE('',*,*,#1107,.F.);
#1640=ORIENTED_EDGE('',*,*,#1109,.F.);
#1641=ORIENTED_EDGE('',*,*,#1110,.F.);
#1642=ORIENTED_EDGE('',*,*,#1154,.T.);
#1643=ORIENTED_EDGE('',*,*,#991,.T.);
#1644=ORIENTED_EDGE('',*,*,#1018,.F.);
#1645=ORIENTED_EDGE('',*,*,#1151,.F.);
#1646=ORIENTED_EDGE('',*,*,#1119,.T.);
#1647=ORIENTED_EDGE('',*,*,#1149,.F.);
#1648=ORIENTED_EDGE('',*,*,#1155,.F.);
#1649=ORIENTED_EDGE('',*,*,#1002,.T.);
#1650=ORIENTED_EDGE('',*,*,#1046,.T.);
#1651=ORIENTED_EDGE('',*,*,#1139,.F.);
#1652=ORIENTED_EDGE('',*,*,#1053,.T.);
#1653=ORIENTED_EDGE('',*,*,#983,.T.);
#1654=ORIENTED_EDGE('',*,*,#1156,.F.);
#1655=ORIENTED_EDGE('',*,*,#1150,.F.);
#1656=ORIENTED_EDGE('',*,*,#1117,.T.);
#1657=ORIENTED_EDGE('',*,*,#1140,.F.);
#1658=ORIENTED_EDGE('',*,*,#1047,.F.);
#1659=ORIENTED_EDGE('',*,*,#999,.T.);
#1660=ORIENTED_EDGE('',*,*,#1059,.T.);
#1661=ORIENTED_EDGE('',*,*,#1094,.F.);
#1662=ORIENTED_EDGE('',*,*,#1096,.T.);
#1663=ORIENTED_EDGE('',*,*,#1098,.F.);
#1664=ORIENTED_EDGE('',*,*,#1152,.T.);
#1665=ORIENTED_EDGE('',*,*,#982,.T.);
#1666=ORIENTED_EDGE('',*,*,#1155,.T.);
#1667=ORIENTED_EDGE('',*,*,#1148,.F.);
#1668=ORIENTED_EDGE('',*,*,#1156,.T.);
#1669=CYLINDRICAL_SURFACE('',#1841,7.625);
#1670=CYLINDRICAL_SURFACE('',#1844,9.625);
#1671=CYLINDRICAL_SURFACE('',#1849,7.625);
#1672=CYLINDRICAL_SURFACE('',#1852,9.625);
#1673=CYLINDRICAL_SURFACE('',#1869,7.625);
#1674=CYLINDRICAL_SURFACE('',#1872,9.625);
#1675=CYLINDRICAL_SURFACE('',#1876,1.03775);
#1676=CYLINDRICAL_SURFACE('',#1879,1.03775);
#1677=CYLINDRICAL_SURFACE('',#1882,1.03775);
#1678=CYLINDRICAL_SURFACE('',#1885,2.500012700025);
#1679=CYLINDRICAL_SURFACE('',#1888,2.500012700025);
#1680=CYLINDRICAL_SURFACE('',#1891,2.500012700025);
#1681=CYLINDRICAL_SURFACE('',#1897,2.25);
#1682=CYLINDRICAL_SURFACE('',#1899,1.1);
#1683=CYLINDRICAL_SURFACE('',#1904,2.25);
#1684=CYLINDRICAL_SURFACE('',#1906,1.1);
#1685=CYLINDRICAL_SURFACE('',#1911,2.25);
#1686=CYLINDRICAL_SURFACE('',#1913,1.1);
#1687=CYLINDRICAL_SURFACE('',#1918,2.25);
#1688=CYLINDRICAL_SURFACE('',#1920,1.1);
#1689=CYLINDRICAL_SURFACE('',#1934,3.88);
#1690=CYLINDRICAL_SURFACE('',#1937,3.5);
#1691=CYLINDRICAL_SURFACE('',#1939,3.2);
#1692=CYLINDRICAL_SURFACE('',#1948,3.5);
#1693=CYLINDRICAL_SURFACE('',#1955,3.2);
#1694=CYLINDRICAL_SURFACE('',#1964,3.5);
#1695=CYLINDRICAL_SURFACE('',#1970,0.5);
#1696=CYLINDRICAL_SURFACE('',#1976,0.5);
#1697=CYLINDRICAL_SURFACE('',#1981,0.5);
#1698=CYLINDRICAL_SURFACE('',#1986,0.5);
#1699=CYLINDRICAL_SURFACE('',#1992,3.5);
#1700=CYLINDRICAL_SURFACE('',#1993,0.5);
#1701=CYLINDRICAL_SURFACE('',#1996,0.5);
#1702=CYLINDRICAL_SURFACE('',#1998,0.5);
#1703=CYLINDRICAL_SURFACE('',#1999,0.5);
#1704=CYLINDRICAL_SURFACE('',#2001,3.88);
#1705=CYLINDRICAL_SURFACE('',#2003,3.88);
#1706=CYLINDRICAL_SURFACE('',#2004,1.25);
#1707=CYLINDRICAL_SURFACE('',#2007,1.25);
#1708=CYLINDRICAL_SURFACE('',#2009,1.);
#1709=CYLINDRICAL_SURFACE('',#2023,1.);
#1710=CYLINDRICAL_SURFACE('',#2024,1.);
#1711=CYLINDRICAL_SURFACE('',#2026,1.);
#1712=CYLINDRICAL_SURFACE('',#2028,3.2);
#1713=CYLINDRICAL_SURFACE('',#2030,3.2);
#1714=CYLINDRICAL_SURFACE('',#2032,1.7);
#1715=CYLINDRICAL_SURFACE('',#2034,1.7);
#1716=CYLINDRICAL_SURFACE('',#2036,1.7);
#1717=CYLINDRICAL_SURFACE('',#2038,1.7);
#1718=CYLINDRICAL_SURFACE('',#2040,3.2);
#1719=CYLINDRICAL_SURFACE('',#2042,3.2);
#1720=CYLINDRICAL_SURFACE('',#2046,3.88);
#1721=CYLINDRICAL_SURFACE('',#2050,3.2);
#1722=CYLINDRICAL_SURFACE('',#2052,3.2);
#1723=ADVANCED_FACE('',(#93),#1669,.F.);
#1724=ADVANCED_FACE('',(#94),#1670,.T.);
#1725=ADVANCED_FACE('',(#95,#19),#47,.T.);
#1726=ADVANCED_FACE('',(#96),#48,.T.);
#1727=ADVANCED_FACE('',(#97),#1671,.F.);
#1728=ADVANCED_FACE('',(#98),#1672,.T.);
#1729=ADVANCED_FACE('',(#99,#20),#49,.T.);
#1730=ADVANCED_FACE('',(#100,#21,#22,#23,#24,#25,#26),#50,.T.);
#1731=ADVANCED_FACE('',(#101),#1673,.F.);
#1732=ADVANCED_FACE('',(#102),#1674,.T.);
#1733=ADVANCED_FACE('',(#103,#27),#51,.T.);
#1734=ADVANCED_FACE('',(#104),#52,.T.);
#1735=ADVANCED_FACE('',(#105),#1675,.F.);
#1736=ADVANCED_FACE('',(#106),#1676,.F.);
#1737=ADVANCED_FACE('',(#107),#1677,.F.);
#1738=ADVANCED_FACE('',(#108),#1678,.T.);
#1739=ADVANCED_FACE('',(#109,#28),#53,.T.);
#1740=ADVANCED_FACE('',(#110),#1679,.T.);
#1741=ADVANCED_FACE('',(#111,#29),#54,.T.);
#1742=ADVANCED_FACE('',(#112),#1680,.T.);
#1743=ADVANCED_FACE('',(#113,#30),#55,.T.);
#1744=ADVANCED_FACE('',(#114,#31),#56,.F.);
#1745=ADVANCED_FACE('',(#115),#1681,.F.);
#1746=ADVANCED_FACE('',(#116),#1682,.F.);
#1747=ADVANCED_FACE('',(#117,#32),#57,.F.);
#1748=ADVANCED_FACE('',(#118),#1683,.F.);
#1749=ADVANCED_FACE('',(#119),#1684,.F.);
#1750=ADVANCED_FACE('',(#120,#33),#58,.F.);
#1751=ADVANCED_FACE('',(#121),#1685,.F.);
#1752=ADVANCED_FACE('',(#122),#1686,.F.);
#1753=ADVANCED_FACE('',(#123,#34),#59,.F.);
#1754=ADVANCED_FACE('',(#124),#1687,.F.);
#1755=ADVANCED_FACE('',(#125),#1688,.F.);
#1756=ADVANCED_FACE('',(#126,#35),#60,.F.);
#1757=ADVANCED_FACE('',(#127,#36),#61,.F.);
#1758=ADVANCED_FACE('',(#128,#37,#38),#62,.F.);
#1759=ADVANCED_FACE('',(#129),#63,.F.);
#1760=ADVANCED_FACE('',(#130),#1689,.F.);
#1761=ADVANCED_FACE('',(#131),#1690,.T.);
#1762=ADVANCED_FACE('',(#132),#1691,.F.);
#1763=ADVANCED_FACE('',(#133),#64,.F.);
#1764=ADVANCED_FACE('',(#134),#65,.F.);
#1765=ADVANCED_FACE('',(#135),#1692,.T.);
#1766=ADVANCED_FACE('',(#136),#66,.T.);
#1767=ADVANCED_FACE('',(#137),#67,.T.);
#1768=ADVANCED_FACE('',(#138),#1693,.F.);
#1769=ADVANCED_FACE('',(#139),#68,.T.);
#1770=ADVANCED_FACE('',(#140),#69,.T.);
#1771=ADVANCED_FACE('',(#141),#70,.T.);
#1772=ADVANCED_FACE('',(#142),#1694,.T.);
#1773=ADVANCED_FACE('',(#143),#15,.T.);
#1774=ADVANCED_FACE('',(#144),#1695,.T.);
#1775=ADVANCED_FACE('',(#145),#16,.T.);
#1776=ADVANCED_FACE('',(#146),#1696,.T.);
#1777=ADVANCED_FACE('',(#147),#17,.T.);
#1778=ADVANCED_FACE('',(#148),#1697,.T.);
#1779=ADVANCED_FACE('',(#149),#18,.T.);
#1780=ADVANCED_FACE('',(#150),#1698,.T.);
#1781=ADVANCED_FACE('',(#151),#71,.T.);
#1782=ADVANCED_FACE('',(#152,#39,#40,#41,#42,#43,#44,#45),#72,.F.);
#1783=ADVANCED_FACE('',(#153),#73,.T.);
#1784=ADVANCED_FACE('',(#154),#1699,.T.);
#1785=ADVANCED_FACE('',(#155),#1700,.F.);
#1786=ADVANCED_FACE('',(#156),#74,.F.);
#1787=ADVANCED_FACE('',(#157),#1701,.F.);
#1788=ADVANCED_FACE('',(#158),#1702,.F.);
#1789=ADVANCED_FACE('',(#159),#1703,.F.);
#1790=ADVANCED_FACE('',(#160),#75,.F.);
#1791=ADVANCED_FACE('',(#161),#1704,.F.);
#1792=ADVANCED_FACE('',(#162),#76,.F.);
#1793=ADVANCED_FACE('',(#163),#1705,.F.);
#1794=ADVANCED_FACE('',(#164),#1706,.F.);
#1795=ADVANCED_FACE('',(#165),#77,.T.);
#1796=ADVANCED_FACE('',(#166),#1707,.F.);
#1797=ADVANCED_FACE('',(#167),#1708,.T.);
#1798=ADVANCED_FACE('',(#168,#46),#78,.T.);
#1799=ADVANCED_FACE('',(#169),#1709,.F.);
#1800=ADVANCED_FACE('',(#170),#1710,.T.);
#1801=ADVANCED_FACE('',(#171),#79,.T.);
#1802=ADVANCED_FACE('',(#172),#1711,.F.);
#1803=ADVANCED_FACE('',(#173),#80,.F.);
#1804=ADVANCED_FACE('',(#174),#1712,.F.);
#1805=ADVANCED_FACE('',(#175),#1713,.F.);
#1806=ADVANCED_FACE('',(#176),#81,.T.);
#1807=ADVANCED_FACE('',(#177),#1714,.F.);
#1808=ADVANCED_FACE('',(#178),#82,.T.);
#1809=ADVANCED_FACE('',(#179),#1715,.F.);
#1810=ADVANCED_FACE('',(#180),#83,.T.);
#1811=ADVANCED_FACE('',(#181),#1716,.F.);
#1812=ADVANCED_FACE('',(#182),#84,.T.);
#1813=ADVANCED_FACE('',(#183),#1717,.F.);
#1814=ADVANCED_FACE('',(#184),#85,.T.);
#1815=ADVANCED_FACE('',(#185),#1718,.F.);
#1816=ADVANCED_FACE('',(#186),#1719,.F.);
#1817=ADVANCED_FACE('',(#187),#86,.T.);
#1818=ADVANCED_FACE('',(#188),#87,.F.);
#1819=ADVANCED_FACE('',(#189),#88,.F.);
#1820=ADVANCED_FACE('',(#190),#1720,.F.);
#1821=ADVANCED_FACE('',(#191),#89,.F.);
#1822=ADVANCED_FACE('',(#192),#90,.F.);
#1823=ADVANCED_FACE('',(#193),#91,.T.);
#1824=ADVANCED_FACE('',(#194),#1721,.F.);
#1825=ADVANCED_FACE('',(#195),#92,.T.);
#1826=ADVANCED_FACE('',(#196),#1722,.F.);
#1827=CLOSED_SHELL('',(#1723,#1724,#1725,#1726,#1727,#1728,#1729,#1730,
#1731,#1732,#1733,#1734,#1735,#1736,#1737,#1738,#1739,#1740,#1741,#1742,
#1743,#1744,#1745,#1746,#1747,#1748,#1749,#1750,#1751,#1752,#1753,#1754,
#1755,#1756,#1757,#1758,#1759,#1760,#1761,#1762,#1763,#1764,#1765,#1766,
#1767,#1768,#1769,#1770,#1771,#1772,#1773,#1774,#1775,#1776,#1777,#1778,
#1779,#1780,#1781,#1782,#1783,#1784,#1785,#1786,#1787,#1788,#1789,#1790,
#1791,#1792,#1793,#1794,#1795,#1796,#1797,#1798,#1799,#1800,#1801,#1802,
#1803,#1804,#1805,#1806,#1807,#1808,#1809,#1810,#1811,#1812,#1813,#1814,
#1815,#1816,#1817,#1818,#1819,#1820,#1821,#1822,#1823,#1824,#1825,#1826));
#1828=DERIVED_UNIT_ELEMENT(#1830,1.);
#1829=DERIVED_UNIT_ELEMENT(#3161,-3.);
#1830=(
MASS_UNIT()
NAMED_UNIT(*)
SI_UNIT(.KILO.,.GRAM.)
);
#1831=DERIVED_UNIT((#1828,#1829));
#1832=MEASURE_REPRESENTATION_ITEM('density measure',
POSITIVE_RATIO_MEASURE(7850.),#1831);
#1833=PROPERTY_DEFINITION_REPRESENTATION(#1838,#1835);
#1834=PROPERTY_DEFINITION_REPRESENTATION(#1839,#1836);
#1835=REPRESENTATION('material name',(#1837),#3158);
#1836=REPRESENTATION('density',(#1832),#3158);
#1837=DESCRIPTIVE_REPRESENTATION_ITEM('Steel','Steel');
#1838=PROPERTY_DEFINITION('material property','material name',#3168);
#1839=PROPERTY_DEFINITION('material property','density of part',#3168);
#1840=AXIS2_PLACEMENT_3D('',#2627,#2053,#2054);
#1841=AXIS2_PLACEMENT_3D('',#2628,#2055,#2056);
#1842=AXIS2_PLACEMENT_3D('',#2630,#2057,#2058);
#1843=AXIS2_PLACEMENT_3D('',#2633,#2060,#2061);
#1844=AXIS2_PLACEMENT_3D('',#2634,#2062,#2063);
#1845=AXIS2_PLACEMENT_3D('',#2636,#2064,#2065);
#1846=AXIS2_PLACEMENT_3D('',#2639,#2067,#2068);
#1847=AXIS2_PLACEMENT_3D('',#2640,#2069,#2070);
#1848=AXIS2_PLACEMENT_3D('',#2641,#2071,#2072);
#1849=AXIS2_PLACEMENT_3D('',#2642,#2073,#2074);
#1850=AXIS2_PLACEMENT_3D('',#2644,#2075,#2076);
#1851=AXIS2_PLACEMENT_3D('',#2647,#2078,#2079);
#1852=AXIS2_PLACEMENT_3D('',#2648,#2080,#2081);
#1853=AXIS2_PLACEMENT_3D('',#2650,#2082,#2083);
#1854=AXIS2_PLACEMENT_3D('',#2653,#2085,#2086);
#1855=AXIS2_PLACEMENT_3D('',#2654,#2087,#2088);
#1856=AXIS2_PLACEMENT_3D('',#2655,#2089,#2090);
#1857=AXIS2_PLACEMENT_3D('',#2658,#2091,#2092);
#1858=AXIS2_PLACEMENT_3D('',#2660,#2093,#2094);
#1859=AXIS2_PLACEMENT_3D('',#2664,#2096,#2097);
#1860=AXIS2_PLACEMENT_3D('',#2668,#2099,#2100);
#1861=AXIS2_PLACEMENT_3D('',#2672,#2102,#2103);
#1862=AXIS2_PLACEMENT_3D('',#2676,#2105,#2106);
#1863=AXIS2_PLACEMENT_3D('',#2680,#2108,#2109);
#1864=AXIS2_PLACEMENT_3D('',#2682,#2110,#2111);
#1865=AXIS2_PLACEMENT_3D('',#2685,#2113,#2114);
#1866=AXIS2_PLACEMENT_3D('',#2687,#2115,#2116);
#1867=AXIS2_PLACEMENT_3D('',#2689,#2117,#2118);
#1868=AXIS2_PLACEMENT_3D('',#2691,#2119,#2120);
#1869=AXIS2_PLACEMENT_3D('',#2692,#2121,#2122);
#1870=AXIS2_PLACEMENT_3D('',#2694,#2123,#2124);
#1871=AXIS2_PLACEMENT_3D('',#2697,#2126,#2127);
#1872=AXIS2_PLACEMENT_3D('',#2698,#2128,#2129);
#1873=AXIS2_PLACEMENT_3D('',#2700,#2130,#2131);
#1874=AXIS2_PLACEMENT_3D('',#2702,#2133,#2134);
#1875=AXIS2_PLACEMENT_3D('',#2703,#2135,#2136);
#1876=AXIS2_PLACEMENT_3D('',#2704,#2137,#2138);
#1877=AXIS2_PLACEMENT_3D('',#2706,#2139,#2140);
#1878=AXIS2_PLACEMENT_3D('',#2709,#2142,#2143);
#1879=AXIS2_PLACEMENT_3D('',#2710,#2144,#2145);
#1880=AXIS2_PLACEMENT_3D('',#2712,#2146,#2147);
#1881=AXIS2_PLACEMENT_3D('',#2715,#2149,#2150);
#1882=AXIS2_PLACEMENT_3D('',#2716,#2151,#2152);
#1883=AXIS2_PLACEMENT_3D('',#2718,#2153,#2154);
#1884=AXIS2_PLACEMENT_3D('',#2721,#2156,#2157);
#1885=AXIS2_PLACEMENT_3D('',#2722,#2158,#2159);
#1886=AXIS2_PLACEMENT_3D('',#2724,#2160,#2161);
#1887=AXIS2_PLACEMENT_3D('',#2726,#2163,#2164);
#1888=AXIS2_PLACEMENT_3D('',#2727,#2165,#2166);
#1889=AXIS2_PLACEMENT_3D('',#2729,#2167,#2168);
#1890=AXIS2_PLACEMENT_3D('',#2731,#2170,#2171);
#1891=AXIS2_PLACEMENT_3D('',#2732,#2172,#2173);
#1892=AXIS2_PLACEMENT_3D('',#2734,#2174,#2175);
#1893=AXIS2_PLACEMENT_3D('',#2736,#2177,#2178);
#1894=AXIS2_PLACEMENT_3D('',#2737,#2179,#2180);
#1895=AXIS2_PLACEMENT_3D('',#2739,#2181,#2182);
#1896=AXIS2_PLACEMENT_3D('',#2741,#2183,#2184);
#1897=AXIS2_PLACEMENT_3D('',#2742,#2185,#2186);
#1898=AXIS2_PLACEMENT_3D('',#2744,#2187,#2188);
#1899=AXIS2_PLACEMENT_3D('',#2746,#2190,#2191);
#1900=AXIS2_PLACEMENT_3D('',#2749,#2193,#2194);
#1901=AXIS2_PLACEMENT_3D('',#2750,#2195,#2196);
#1902=AXIS2_PLACEMENT_3D('',#2752,#2197,#2198);
#1903=AXIS2_PLACEMENT_3D('',#2754,#2199,#2200);
#1904=AXIS2_PLACEMENT_3D('',#2755,#2201,#2202);
#1905=AXIS2_PLACEMENT_3D('',#2757,#2203,#2204);
#1906=AXIS2_PLACEMENT_3D('',#2759,#2206,#2207);
#1907=AXIS2_PLACEMENT_3D('',#2762,#2209,#2210);
#1908=AXIS2_PLACEMENT_3D('',#2763,#2211,#2212);
#1909=AXIS2_PLACEMENT_3D('',#2765,#2213,#2214);
#1910=AXIS2_PLACEMENT_3D('',#2767,#2215,#2216);
#1911=AXIS2_PLACEMENT_3D('',#2768,#2217,#2218);
#1912=AXIS2_PLACEMENT_3D('',#2770,#2219,#2220);
#1913=AXIS2_PLACEMENT_3D('',#2772,#2222,#2223);
#1914=AXIS2_PLACEMENT_3D('',#2775,#2225,#2226);
#1915=AXIS2_PLACEMENT_3D('',#2776,#2227,#2228);
#1916=AXIS2_PLACEMENT_3D('',#2778,#2229,#2230);
#1917=AXIS2_PLACEMENT_3D('',#2780,#2231,#2232);
#1918=AXIS2_PLACEMENT_3D('',#2781,#2233,#2234);
#1919=AXIS2_PLACEMENT_3D('',#2783,#2235,#2236);
#1920=AXIS2_PLACEMENT_3D('',#2785,#2238,#2239);
#1921=AXIS2_PLACEMENT_3D('',#2788,#2241,#2242);
#1922=AXIS2_PLACEMENT_3D('',#2789,#2243,#2244);
#1923=AXIS2_PLACEMENT_3D('',#2794,#2246,#2247);
#1924=AXIS2_PLACEMENT_3D('',#2806,#2253,#2254);
#1925=AXIS2_PLACEMENT_3D('',#2810,#2257,#2258);
#1926=AXIS2_PLACEMENT_3D('',#2815,#2260,#2261);
#1927=AXIS2_PLACEMENT_3D('',#2823,#2265,#2266);
#1928=AXIS2_PLACEMENT_3D('',#2831,#2271,#2272);
#1929=AXIS2_PLACEMENT_3D('',#2836,#2274,#2275);
#1930=AXIS2_PLACEMENT_3D('',#2844,#2279,#2280);
#1931=AXIS2_PLACEMENT_3D('',#2848,#2282,#2283);
#1932=AXIS2_PLACEMENT_3D('',#2855,#2287,#2288);
#1933=AXIS2_PLACEMENT_3D('',#2856,#2289,#2290);
#1934=AXIS2_PLACEMENT_3D('',#2862,#2294,#2295);
#1935=AXIS2_PLACEMENT_3D('',#2864,#2296,#2297);
#1936=AXIS2_PLACEMENT_3D('',#2867,#2299,#2300);
#1937=AXIS2_PLACEMENT_3D('',#2868,#2301,#2302);
#1938=AXIS2_PLACEMENT_3D('',#2872,#2304,#2305);
#1939=AXIS2_PLACEMENT_3D('',#2874,#2307,#2308);
#1940=AXIS2_PLACEMENT_3D('',#2878,#2310,#2311);
#1941=AXIS2_PLACEMENT_3D('',#2880,#2313,#2314);
#1942=AXIS2_PLACEMENT_3D('',#2886,#2318,#2319);
#1943=AXIS2_PLACEMENT_3D('',#2890,#2321,#2322);
#1944=AXIS2_PLACEMENT_3D('',#2894,#2324,#2325);
#1945=AXIS2_PLACEMENT_3D('',#2897,#2327,#2328);
#1946=AXIS2_PLACEMENT_3D('',#2901,#2330,#2331);
#1947=AXIS2_PLACEMENT_3D('',#2904,#2333,#2334);
#1948=AXIS2_PLACEMENT_3D('',#2905,#2335,#2336);
#1949=AXIS2_PLACEMENT_3D('',#2909,#2338,#2339);
#1950=AXIS2_PLACEMENT_3D('',#2911,#2341,#2342);
#1951=AXIS2_PLACEMENT_3D('',#2914,#2344,#2345);
#1952=AXIS2_PLACEMENT_3D('',#2918,#2347,#2348);
#1953=AXIS2_PLACEMENT_3D('',#2922,#2350,#2351);
#1954=AXIS2_PLACEMENT_3D('',#2924,#2353,#2354);
#1955=AXIS2_PLACEMENT_3D('',#2934,#2360,#2361);
#1956=AXIS2_PLACEMENT_3D('',#2937,#2363,#2364);
#1957=AXIS2_PLACEMENT_3D('',#2938,#2365,#2366);
#1958=AXIS2_PLACEMENT_3D('',#2940,#2367,#2368);
#1959=AXIS2_PLACEMENT_3D('',#2944,#2370,#2371);
#1960=AXIS2_PLACEMENT_3D('',#2953,#2377,#2378);
#1961=AXIS2_PLACEMENT_3D('',#2959,#2382,#2383);
#1962=AXIS2_PLACEMENT_3D('',#2966,#2387,#2388);
#1963=AXIS2_PLACEMENT_3D('',#2969,#2390,#2391);
#1964=AXIS2_PLACEMENT_3D('',#2970,#2392,#2393);
#1965=AXIS2_PLACEMENT_3D('',#2974,#2395,#2396);
#1966=AXIS2_PLACEMENT_3D('',#2976,#2398,#2399);
#1967=AXIS2_PLACEMENT_3D('',#2978,#2400,#2401);
#1968=AXIS2_PLACEMENT_3D('',#2980,#2402,#2403);
#1969=AXIS2_PLACEMENT_3D('',#2981,#2404,#2405);
#1970=AXIS2_PLACEMENT_3D('',#2982,#2406,#2407);
#1971=AXIS2_PLACEMENT_3D('',#2984,#2408,#2409);
#1972=AXIS2_PLACEMENT_3D('',#2986,#2411,#2412);
#1973=AXIS2_PLACEMENT_3D('',#2989,#2413,#2414);
#1974=AXIS2_PLACEMENT_3D('',#2990,#2415,#2416);
#1975=AXIS2_PLACEMENT_3D('',#2991,#2417,#2418);
#1976=AXIS2_PLACEMENT_3D('',#2992,#2419,#2420);
#1977=AXIS2_PLACEMENT_3D('',#2994,#2421,#2422);
#1978=AXIS2_PLACEMENT_3D('',#2997,#2425,#2426);
#1979=AXIS2_PLACEMENT_3D('',#2999,#2427,#2428);
#1980=AXIS2_PLACEMENT_3D('',#3000,#2429,#2430);
#1981=AXIS2_PLACEMENT_3D('',#3001,#2431,#2432);
#1982=AXIS2_PLACEMENT_3D('',#3003,#2433,#2434);
#1983=AXIS2_PLACEMENT_3D('',#3006,#2437,#2438);
#1984=AXIS2_PLACEMENT_3D('',#3008,#2439,#2440);
#1985=AXIS2_PLACEMENT_3D('',#3009,#2441,#2442);
#1986=AXIS2_PLACEMENT_3D('',#3010,#2443,#2444);
#1987=AXIS2_PLACEMENT_3D('',#3012,#2446,#2447);
#1988=AXIS2_PLACEMENT_3D('',#3016,#2449,#2450);
#1989=AXIS2_PLACEMENT_3D('',#3019,#2452,#2453);
#1990=AXIS2_PLACEMENT_3D('',#3020,#2454,#2455);
#1991=AXIS2_PLACEMENT_3D('',#3021,#2456,#2457);
#1992=AXIS2_PLACEMENT_3D('',#3023,#2459,#2460);
#1993=AXIS2_PLACEMENT_3D('',#3024,#2461,#2462);
#1994=AXIS2_PLACEMENT_3D('',#3027,#2464,#2465);
#1995=AXIS2_PLACEMENT_3D('',#3028,#2466,#2467);
#1996=AXIS2_PLACEMENT_3D('',#3032,#2470,#2471);
#1997=AXIS2_PLACEMENT_3D('',#3035,#2473,#2474);
#1998=AXIS2_PLACEMENT_3D('',#3036,#2475,#2476);
#1999=AXIS2_PLACEMENT_3D('',#3039,#2479,#2480);
#2000=AXIS2_PLACEMENT_3D('',#3041,#2482,#2483);
#2001=AXIS2_PLACEMENT_3D('',#3042,#2484,#2485);
#2002=AXIS2_PLACEMENT_3D('',#3045,#2488,#2489);
#2003=AXIS2_PLACEMENT_3D('',#3047,#2491,#2492);
#2004=AXIS2_PLACEMENT_3D('',#3049,#2494,#2495);
#2005=AXIS2_PLACEMENT_3D('',#3052,#2497,#2498);
#2006=AXIS2_PLACEMENT_3D('',#3053,#2499,#2500);
#2007=AXIS2_PLACEMENT_3D('',#3057,#2503,#2504);
#2008=AXIS2_PLACEMENT_3D('',#3059,#2505,#2506);
#2009=AXIS2_PLACEMENT_3D('',#3061,#2508,#2509);
#2010=AXIS2_PLACEMENT_3D('',#3064,#2510,#2511);
#2011=AXIS2_PLACEMENT_3D('',#3067,#2514,#2515);
#2012=AXIS2_PLACEMENT_3D('',#3068,#2516,#2517);
#2013=AXIS2_PLACEMENT_3D('',#3070,#2518,#2519);
#2014=AXIS2_PLACEMENT_3D('',#3074,#2521,#2522);
#2015=AXIS2_PLACEMENT_3D('',#3077,#2524,#2525);
#2016=AXIS2_PLACEMENT_3D('',#3079,#2526,#2527);
#2017=AXIS2_PLACEMENT_3D('',#3083,#2529,#2530);
#2018=AXIS2_PLACEMENT_3D('',#3085,#2531,#2532);
#2019=AXIS2_PLACEMENT_3D('',#3089,#2534,#2535);
#2020=AXIS2_PLACEMENT_3D('',#3093,#2537,#2538);
#2021=AXIS2_PLACEMENT_3D('',#3097,#2540,#2541);
#2022=AXIS2_PLACEMENT_3D('',#3101,#2543,#2544);
#2023=AXIS2_PLACEMENT_3D('',#3103,#2546,#2547);
#2024=AXIS2_PLACEMENT_3D('',#3105,#2549,#2550);
#2025=AXIS2_PLACEMENT_3D('',#3108,#2553,#2554);
#2026=AXIS2_PLACEMENT_3D('',#3110,#2556,#2557);
#2027=AXIS2_PLACEMENT_3D('',#3112,#2559,#2560);
#2028=AXIS2_PLACEMENT_3D('',#3113,#2561,#2562);
#2029=AXIS2_PLACEMENT_3D('',#3114,#2563,#2564);
#2030=AXIS2_PLACEMENT_3D('',#3115,#2565,#2566);
#2031=AXIS2_PLACEMENT_3D('',#3117,#2568,#2569);
#2032=AXIS2_PLACEMENT_3D('',#3120,#2572,#2573);
#2033=AXIS2_PLACEMENT_3D('',#3122,#2575,#2576);
#2034=AXIS2_PLACEMENT_3D('',#3124,#2578,#2579);
#2035=AXIS2_PLACEMENT_3D('',#3125,#2580,#2581);
#2036=AXIS2_PLACEMENT_3D('',#3127,#2583,#2584);
#2037=AXIS2_PLACEMENT_3D('',#3129,#2586,#2587);
#2038=AXIS2_PLACEMENT_3D('',#3131,#2589,#2590);
#2039=AXIS2_PLACEMENT_3D('',#3132,#2591,#2592);
#2040=AXIS2_PLACEMENT_3D('',#3133,#2593,#2594);
#2041=AXIS2_PLACEMENT_3D('',#3136,#2595,#2596);
#2042=AXIS2_PLACEMENT_3D('',#3139,#2599,#2600);
#2043=AXIS2_PLACEMENT_3D('',#3141,#2602,#2603);
#2044=AXIS2_PLACEMENT_3D('',#3143,#2605,#2606);
#2045=AXIS2_PLACEMENT_3D('',#3144,#2607,#2608);
#2046=AXIS2_PLACEMENT_3D('',#3145,#2609,#2610);
#2047=AXIS2_PLACEMENT_3D('',#3147,#2612,#2613);
#2048=AXIS2_PLACEMENT_3D('',#3148,#2614,#2615);
#2049=AXIS2_PLACEMENT_3D('',#3150,#2617,#2618);
#2050=AXIS2_PLACEMENT_3D('',#3152,#2620,#2621);
#2051=AXIS2_PLACEMENT_3D('',#3153,#2622,#2623);
#2052=AXIS2_PLACEMENT_3D('',#3155,#2625,#2626);
#2053=DIRECTION('axis',(0.,0.,1.));
#2054=DIRECTION('refdir',(1.,0.,0.));
#2055=DIRECTION('center_axis',(0.,0.,1.));
#2056=DIRECTION('ref_axis',(-1.,0.,0.));
#2057=DIRECTION('center_axis',(0.,0.,-1.));
#2058=DIRECTION('ref_axis',(-1.,0.,0.));
#2059=DIRECTION('',(0.,0.,-1.));
#2060=DIRECTION('center_axis',(0.,0.,1.));
#2061=DIRECTION('ref_axis',(-1.,0.,0.));
#2062=DIRECTION('center_axis',(0.,0.,1.));
#2063=DIRECTION('ref_axis',(-1.,0.,0.));
#2064=DIRECTION('center_axis',(0.,0.,1.));
#2065=DIRECTION('ref_axis',(-1.,0.,0.));
#2066=DIRECTION('',(0.,0.,-1.));
#2067=DIRECTION('center_axis',(0.,0.,-1.));
#2068=DIRECTION('ref_axis',(-1.,0.,0.));
#2069=DIRECTION('center_axis',(0.,0.,1.));
#2070=DIRECTION('ref_axis',(-1.,0.,0.));
#2071=DIRECTION('center_axis',(0.,0.,1.));
#2072=DIRECTION('ref_axis',(1.,0.,0.));
#2073=DIRECTION('center_axis',(0.,0.,1.));
#2074=DIRECTION('ref_axis',(-1.,0.,0.));
#2075=DIRECTION('center_axis',(0.,0.,-1.));
#2076=DIRECTION('ref_axis',(-1.,0.,0.));
#2077=DIRECTION('',(0.,0.,-1.));
#2078=DIRECTION('center_axis',(0.,0.,1.));
#2079=DIRECTION('ref_axis',(-1.,0.,0.));
#2080=DIRECTION('center_axis',(0.,0.,1.));
#2081=DIRECTION('ref_axis',(-1.,0.,0.));
#2082=DIRECTION('center_axis',(0.,0.,1.));
#2083=DIRECTION('ref_axis',(-1.,0.,0.));
#2084=DIRECTION('',(0.,0.,-1.));
#2085=DIRECTION('center_axis',(0.,0.,-1.));
#2086=DIRECTION('ref_axis',(-1.,0.,0.));
#2087=DIRECTION('center_axis',(0.,0.,1.));
#2088=DIRECTION('ref_axis',(-1.,0.,0.));
#2089=DIRECTION('center_axis',(0.,0.,1.));
#2090=DIRECTION('ref_axis',(1.,0.,0.));
#2091=DIRECTION('center_axis',(0.,0.,1.));
#2092=DIRECTION('ref_axis',(-0.707106781186551,0.707106781186544,0.));
#2093=DIRECTION('center_axis',(0.,0.,-1.));
#2094=DIRECTION('ref_axis',(0.500000119209276,-0.86602533495892,0.));
#2095=DIRECTION('',(-1.,0.,0.));
#2096=DIRECTION('center_axis',(0.,0.,1.));
#2097=DIRECTION('ref_axis',(0.,1.,0.));
#2098=DIRECTION('',(0.,-1.,0.));
#2099=DIRECTION('center_axis',(0.,0.,1.));
#2100=DIRECTION('ref_axis',(-1.,0.,0.));
#2101=DIRECTION('',(1.,0.,0.));
#2102=DIRECTION('center_axis',(0.,0.,1.));
#2103=DIRECTION('ref_axis',(0.,-1.,0.));
#2104=DIRECTION('',(0.,1.,0.));
#2105=DIRECTION('center_axis',(0.,0.,1.));
#2106=DIRECTION('ref_axis',(1.,0.,0.));
#2107=DIRECTION('',(-1.,0.,0.));
#2108=DIRECTION('center_axis',(0.,0.,-1.));
#2109=DIRECTION('ref_axis',(-0.500000119209276,-0.86602533495892,0.));
#2110=DIRECTION('center_axis',(0.,0.,1.));
#2111=DIRECTION('ref_axis',(0.707106781186551,0.707106781186544,0.));
#2112=DIRECTION('',(1.,0.,0.));
#2113=DIRECTION('center_axis',(0.,0.,-1.));
#2114=DIRECTION('ref_axis',(-1.,0.,0.));
#2115=DIRECTION('center_axis',(0.,0.,-1.));
#2116=DIRECTION('ref_axis',(-1.,0.,0.));
#2117=DIRECTION('center_axis',(0.,0.,-1.));
#2118=DIRECTION('ref_axis',(-1.,0.,0.));
#2119=DIRECTION('center_axis',(0.,0.,-1.));
#2120=DIRECTION('ref_axis',(-1.,0.,0.));
#2121=DIRECTION('center_axis',(0.,0.,1.));
#2122=DIRECTION('ref_axis',(-1.,0.,0.));
#2123=DIRECTION('center_axis',(0.,0.,-1.));
#2124=DIRECTION('ref_axis',(-1.,0.,0.));
#2125=DIRECTION('',(0.,0.,-1.));
#2126=DIRECTION('center_axis',(0.,0.,1.));
#2127=DIRECTION('ref_axis',(-1.,0.,0.));
#2128=DIRECTION('center_axis',(0.,0.,1.));
#2129=DIRECTION('ref_axis',(-1.,0.,0.));
#2130=DIRECTION('center_axis',(0.,0.,1.));
#2131=DIRECTION('ref_axis',(-1.,0.,0.));
#2132=DIRECTION('',(0.,0.,-1.));
#2133=DIRECTION('center_axis',(0.,0.,1.));
#2134=DIRECTION('ref_axis',(-1.,0.,0.));
#2135=DIRECTION('center_axis',(0.,0.,1.));
#2136=DIRECTION('ref_axis',(1.,0.,0.));
#2137=DIRECTION('center_axis',(0.,0.,-1.));
#2138=DIRECTION('ref_axis',(1.,0.,0.));
#2139=DIRECTION('center_axis',(0.,0.,-1.));
#2140=DIRECTION('ref_axis',(1.,0.,0.));
#2141=DIRECTION('',(0.,0.,-1.));
#2142=DIRECTION('center_axis',(0.,0.,-1.));
#2143=DIRECTION('ref_axis',(1.,0.,0.));
#2144=DIRECTION('center_axis',(0.,0.,-1.));
#2145=DIRECTION('ref_axis',(1.,0.,0.));
#2146=DIRECTION('center_axis',(0.,0.,-1.));
#2147=DIRECTION('ref_axis',(1.,0.,0.));
#2148=DIRECTION('',(0.,0.,-1.));
#2149=DIRECTION('center_axis',(0.,0.,-1.));
#2150=DIRECTION('ref_axis',(1.,0.,0.));
#2151=DIRECTION('center_axis',(0.,0.,-1.));
#2152=DIRECTION('ref_axis',(1.,0.,0.));
#2153=DIRECTION('center_axis',(0.,0.,-1.));
#2154=DIRECTION('ref_axis',(1.,0.,0.));
#2155=DIRECTION('',(0.,0.,-1.));
#2156=DIRECTION('center_axis',(0.,0.,-1.));
#2157=DIRECTION('ref_axis',(1.,0.,0.));
#2158=DIRECTION('center_axis',(0.,0.,1.));
#2159=DIRECTION('ref_axis',(-1.,0.,0.));
#2160=DIRECTION('center_axis',(0.,0.,1.));
#2161=DIRECTION('ref_axis',(-1.,0.,0.));
#2162=DIRECTION('',(0.,0.,-1.));
#2163=DIRECTION('center_axis',(0.,0.,1.));
#2164=DIRECTION('ref_axis',(-1.,0.,0.));
#2165=DIRECTION('center_axis',(0.,0.,1.));
#2166=DIRECTION('ref_axis',(-1.,0.,0.));
#2167=DIRECTION('center_axis',(0.,0.,1.));
#2168=DIRECTION('ref_axis',(-1.,0.,0.));
#2169=DIRECTION('',(0.,0.,-1.));
#2170=DIRECTION('center_axis',(0.,0.,1.));
#2171=DIRECTION('ref_axis',(-1.,0.,0.));
#2172=DIRECTION('center_axis',(0.,0.,1.));
#2173=DIRECTION('ref_axis',(-1.,0.,0.));
#2174=DIRECTION('center_axis',(0.,0.,1.));
#2175=DIRECTION('ref_axis',(-1.,0.,0.));
#2176=DIRECTION('',(0.,0.,-1.));
#2177=DIRECTION('center_axis',(0.,0.,1.));
#2178=DIRECTION('ref_axis',(-1.,0.,0.));
#2179=DIRECTION('center_axis',(0.,0.,1.));
#2180=DIRECTION('ref_axis',(-1.,0.,0.));
#2181=DIRECTION('center_axis',(0.,0.,1.));
#2182=DIRECTION('ref_axis',(-1.,0.,0.));
#2183=DIRECTION('center_axis',(0.,0.,1.));
#2184=DIRECTION('ref_axis',(-1.,0.,0.));
#2185=DIRECTION('center_axis',(0.,0.,1.));
#2186=DIRECTION('ref_axis',(-1.,0.,0.));
#2187=DIRECTION('center_axis',(0.,0.,1.));
#2188=DIRECTION('ref_axis',(-1.,0.,0.));
#2189=DIRECTION('',(0.,0.,1.));
#2190=DIRECTION('center_axis',(0.,0.,1.));
#2191=DIRECTION('ref_axis',(-1.,0.,0.));
#2192=DIRECTION('',(0.,0.,1.));
#2193=DIRECTION('center_axis',(0.,0.,-1.));
#2194=DIRECTION('ref_axis',(-1.,0.,0.));
#2195=DIRECTION('center_axis',(0.,0.,1.));
#2196=DIRECTION('ref_axis',(-1.,0.,0.));
#2197=DIRECTION('center_axis',(0.,0.,1.));
#2198=DIRECTION('ref_axis',(-1.,0.,0.));
#2199=DIRECTION('center_axis',(0.,0.,1.));
#2200=DIRECTION('ref_axis',(-1.,0.,0.));
#2201=DIRECTION('center_axis',(0.,0.,1.));
#2202=DIRECTION('ref_axis',(-1.,0.,0.));
#2203=DIRECTION('center_axis',(0.,0.,1.));
#2204=DIRECTION('ref_axis',(-1.,0.,0.));
#2205=DIRECTION('',(0.,0.,1.));
#2206=DIRECTION('center_axis',(0.,0.,1.));
#2207=DIRECTION('ref_axis',(-1.,0.,0.));
#2208=DIRECTION('',(0.,0.,1.));
#2209=DIRECTION('center_axis',(0.,0.,-1.));
#2210=DIRECTION('ref_axis',(-1.,0.,0.));
#2211=DIRECTION('center_axis',(0.,0.,1.));
#2212=DIRECTION('ref_axis',(-1.,0.,0.));
#2213=DIRECTION('center_axis',(0.,0.,1.));
#2214=DIRECTION('ref_axis',(-1.,0.,0.));
#2215=DIRECTION('center_axis',(0.,0.,1.));
#2216=DIRECTION('ref_axis',(-1.,0.,0.));
#2217=DIRECTION('center_axis',(0.,0.,1.));
#2218=DIRECTION('ref_axis',(-1.,0.,0.));
#2219=DIRECTION('center_axis',(0.,0.,1.));
#2220=DIRECTION('ref_axis',(-1.,0.,0.));
#2221=DIRECTION('',(0.,0.,1.));
#2222=DIRECTION('center_axis',(0.,0.,1.));
#2223=DIRECTION('ref_axis',(-1.,0.,0.));
#2224=DIRECTION('',(0.,0.,1.));
#2225=DIRECTION('center_axis',(0.,0.,-1.));
#2226=DIRECTION('ref_axis',(-1.,0.,0.));
#2227=DIRECTION('center_axis',(0.,0.,1.));
#2228=DIRECTION('ref_axis',(-1.,0.,0.));
#2229=DIRECTION('center_axis',(0.,0.,1.));
#2230=DIRECTION('ref_axis',(-1.,0.,0.));
#2231=DIRECTION('center_axis',(0.,0.,1.));
#2232=DIRECTION('ref_axis',(-1.,0.,0.));
#2233=DIRECTION('center_axis',(0.,0.,1.));
#2234=DIRECTION('ref_axis',(-1.,0.,0.));
#2235=DIRECTION('center_axis',(0.,0.,1.));
#2236=DIRECTION('ref_axis',(-1.,0.,0.));
#2237=DIRECTION('',(0.,0.,1.));
#2238=DIRECTION('center_axis',(0.,0.,1.));
#2239=DIRECTION('ref_axis',(-1.,0.,0.));
#2240=DIRECTION('',(0.,0.,1.));
#2241=DIRECTION('center_axis',(0.,0.,-1.));
#2242=DIRECTION('ref_axis',(-1.,0.,0.));
#2243=DIRECTION('center_axis',(0.,0.,-1.));
#2244=DIRECTION('ref_axis',(-1.,0.,0.));
#2245=DIRECTION('',(0.,-1.,0.));
#2246=DIRECTION('center_axis',(0.,0.,-1.));
#2247=DIRECTION('ref_axis',(0.707106781186548,0.707106781186547,0.));
#2248=DIRECTION('',(1.,0.,0.));
#2249=DIRECTION('',(0.,1.,0.));
#2250=DIRECTION('',(1.,0.,0.));
#2251=DIRECTION('',(0.,1.,0.));
#2252=DIRECTION('',(-1.,0.,0.));
#2253=DIRECTION('center_axis',(0.,0.,1.));
#2254=DIRECTION('ref_axis',(0.707106781186548,0.707106781186548,0.));
#2255=DIRECTION('',(0.,1.,0.));
#2256=DIRECTION('',(-1.,0.,0.));
#2257=DIRECTION('center_axis',(0.,0.,-1.));
#2258=DIRECTION('ref_axis',(-1.,0.,0.));
#2259=DIRECTION('',(1.,0.,0.));
#2260=DIRECTION('center_axis',(0.,0.,-1.));
#2261=DIRECTION('ref_axis',(-0.707106781186547,0.707106781186548,0.));
#2262=DIRECTION('',(0.,1.,0.));
#2263=DIRECTION('',(-1.,0.,0.));
#2264=DIRECTION('',(0.,-1.,0.));
#2265=DIRECTION('center_axis',(0.,0.,1.));
#2266=DIRECTION('ref_axis',(-0.707106781186548,0.707106781186548,0.));
#2267=DIRECTION('',(-1.,0.,0.));
#2268=DIRECTION('',(0.,-1.,0.));
#2269=DIRECTION('',(1.,0.,0.));
#2270=DIRECTION('',(0.,-1.,0.));
#2271=DIRECTION('center_axis',(0.,0.,-1.));
#2272=DIRECTION('ref_axis',(-1.,0.,0.));
#2273=DIRECTION('',(-1.,0.,0.));
#2274=DIRECTION('center_axis',(0.,0.,-1.));
#2275=DIRECTION('ref_axis',(0.707106781186548,-0.707106781186548,0.));
#2276=DIRECTION('',(0.,-1.,0.));
#2277=DIRECTION('',(1.,0.,0.));
#2278=DIRECTION('',(0.,1.,0.));
#2279=DIRECTION('center_axis',(0.,0.,1.));
#2280=DIRECTION('ref_axis',(0.707106781186548,-0.707106781186548,0.));
#2281=DIRECTION('',(1.,0.,0.));
#2282=DIRECTION('center_axis',(0.,0.,1.));
#2283=DIRECTION('ref_axis',(-0.707106781186548,-0.707106781186548,0.));
#2284=DIRECTION('',(0.,-1.,0.));
#2285=DIRECTION('',(1.,0.,0.));
#2286=DIRECTION('',(0.,1.,0.));
#2287=DIRECTION('center_axis',(0.,0.,-1.));
#2288=DIRECTION('ref_axis',(-0.707106781186548,-0.707106781186548,0.));
#2289=DIRECTION('center_axis',(1.,0.,0.));
#2290=DIRECTION('ref_axis',(0.,0.,1.));
#2291=DIRECTION('',(0.,0.,-1.));
#2292=DIRECTION('',(0.,1.,0.));
#2293=DIRECTION('',(0.,0.,-1.));
#2294=DIRECTION('center_axis',(0.,-1.,0.));
#2295=DIRECTION('ref_axis',(0.707106781186548,0.,0.707106781186548));
#2296=DIRECTION('center_axis',(0.,-1.,0.));
#2297=DIRECTION('ref_axis',(0.707106781186548,0.,0.707106781186548));
#2298=DIRECTION('',(0.,-1.,0.));
#2299=DIRECTION('center_axis',(0.,1.,0.));
#2300=DIRECTION('ref_axis',(0.707106781186548,0.,0.707106781186548));
#2301=DIRECTION('center_axis',(0.,0.,1.));
#2302=DIRECTION('ref_axis',(0.707106781186548,0.707106781186547,0.));
#2303=DIRECTION('',(0.,0.,-1.));
#2304=DIRECTION('center_axis',(0.,0.,-1.));
#2305=DIRECTION('ref_axis',(0.707106781186548,0.707106781186547,0.));
#2306=DIRECTION('',(0.,0.,1.));
#2307=DIRECTION('center_axis',(0.,0.,1.));
#2308=DIRECTION('ref_axis',(-0.707106781186548,0.707106781186548,0.));
#2309=DIRECTION('',(0.,0.,-1.));
#2310=DIRECTION('center_axis',(0.,0.,1.));
#2311=DIRECTION('ref_axis',(-0.707106781186548,0.707106781186548,0.));
#2312=DIRECTION('',(0.,0.,1.));
#2313=DIRECTION('center_axis',(0.,1.,0.));
#2314=DIRECTION('ref_axis',(0.,0.,1.));
#2315=DIRECTION('',(0.,0.,1.));
#2316=DIRECTION('',(-1.,0.,0.));
#2317=DIRECTION('',(0.,0.,-1.));
#2318=DIRECTION('center_axis',(0.,-1.,0.));
#2319=DIRECTION('ref_axis',(0.,0.,-1.));
#2320=DIRECTION('',(0.,0.,1.));
#2321=DIRECTION('center_axis',(0.,1.,0.));
#2322=DIRECTION('ref_axis',(0.999598043351892,0.,-0.028350515463917));
#2323=DIRECTION('',(1.,0.,0.));
#2324=DIRECTION('center_axis',(0.,1.,0.));
#2325=DIRECTION('ref_axis',(-0.999598043351892,0.,-0.028350515463917));
#2326=DIRECTION('',(0.,0.,-1.));
#2327=DIRECTION('center_axis',(0.,1.,0.));
#2328=DIRECTION('ref_axis',(-0.707106781186547,0.,0.707106781186548));
#2329=DIRECTION('',(0.,0.,1.));
#2330=DIRECTION('center_axis',(0.,1.,0.));
#2331=DIRECTION('ref_axis',(-0.707106781186547,0.,-0.707106781186547));
#2332=DIRECTION('',(-1.,0.,0.));
#2333=DIRECTION('center_axis',(0.,1.,0.));
#2334=DIRECTION('ref_axis',(0.707106781186547,0.,-0.707106781186547));
#2335=DIRECTION('center_axis',(0.,0.,-1.));
#2336=DIRECTION('ref_axis',(-0.707106781186547,0.707106781186548,0.));
#2337=DIRECTION('',(0.,0.,-1.));
#2338=DIRECTION('center_axis',(0.,0.,-1.));
#2339=DIRECTION('ref_axis',(-0.707106781186548,0.707106781186547,0.));
#2340=DIRECTION('',(0.,0.,1.));
#2341=DIRECTION('center_axis',(0.,1.,0.));
#2342=DIRECTION('ref_axis',(-1.,0.,0.));
#2343=DIRECTION('',(1.,0.,0.));
#2344=DIRECTION('center_axis',(0.,-1.,0.));
#2345=DIRECTION('ref_axis',(-0.707106781186547,0.,0.707106781186548));
#2346=DIRECTION('',(0.,0.,-1.));
#2347=DIRECTION('center_axis',(0.,-1.,0.));
#2348=DIRECTION('ref_axis',(-0.999598043351892,0.,-0.028350515463917));
#2349=DIRECTION('',(1.,0.,0.));
#2350=DIRECTION('center_axis',(0.,-1.,0.));
#2351=DIRECTION('ref_axis',(0.999598043351892,0.,-0.028350515463917));
#2352=DIRECTION('',(0.,0.,1.));
#2353=DIRECTION('center_axis',(0.,1.,0.));
#2354=DIRECTION('ref_axis',(-1.,0.,0.));
#2355=DIRECTION('',(0.,0.,1.));
#2356=DIRECTION('',(0.,0.,1.));
#2357=DIRECTION('',(-1.,0.,0.));
#2358=DIRECTION('',(0.,0.,-1.));
#2359=DIRECTION('',(0.,0.,-1.));
#2360=DIRECTION('center_axis',(0.,0.,1.));
#2361=DIRECTION('ref_axis',(0.707106781186548,-0.707106781186548,0.));
#2362=DIRECTION('',(0.,0.,-1.));
#2363=DIRECTION('center_axis',(0.,0.,1.));
#2364=DIRECTION('ref_axis',(0.707106781186548,-0.707106781186548,0.));
#2365=DIRECTION('center_axis',(1.,0.,0.));
#2366=DIRECTION('ref_axis',(0.,1.,0.));
#2367=DIRECTION('center_axis',(1.,0.,0.));
#2368=DIRECTION('ref_axis',(0.,0.707106781186549,-0.707106781186546));
#2369=DIRECTION('',(0.,-1.,0.));
#2370=DIRECTION('center_axis',(1.,0.,0.));
#2371=DIRECTION('ref_axis',(0.,-0.707106781186546,-0.707106781186549));
#2372=DIRECTION('',(0.,0.,1.));
#2373=DIRECTION('',(0.,0.,1.));
#2374=DIRECTION('',(0.,0.,1.));
#2375=DIRECTION('',(0.,1.,0.));
#2376=DIRECTION('',(0.,0.,-1.));
#2377=DIRECTION('center_axis',(0.,1.,0.));
#2378=DIRECTION('ref_axis',(0.,0.,-1.));
#2379=DIRECTION('',(0.,0.,1.));
#2380=DIRECTION('',(1.,0.,0.));
#2381=DIRECTION('',(0.,0.,-1.));
#2382=DIRECTION('center_axis',(-1.,0.,0.));
#2383=DIRECTION('ref_axis',(0.,-1.,0.));
#2384=DIRECTION('',(0.,1.,0.));
#2385=DIRECTION('',(0.,0.,-1.));
#2386=DIRECTION('',(0.,0.,-1.));
#2387=DIRECTION('center_axis',(1.,0.,0.));
#2388=DIRECTION('ref_axis',(0.,-0.707106781186546,-0.707106781186549));
#2389=DIRECTION('',(0.,1.,0.));
#2390=DIRECTION('center_axis',(1.,0.,0.));
#2391=DIRECTION('ref_axis',(0.,0.707106781186549,-0.707106781186546));
#2392=DIRECTION('center_axis',(0.,0.,1.));
#2393=DIRECTION('ref_axis',(0.707106781186548,-0.707106781186548,0.));
#2394=DIRECTION('',(0.,0.,-1.));
#2395=DIRECTION('center_axis',(0.,0.,-1.));
#2396=DIRECTION('ref_axis',(0.707106781186548,-0.707106781186547,0.));
#2397=DIRECTION('',(0.,0.,1.));
#2398=DIRECTION('center_axis',(0.,0.,1.));
#2399=DIRECTION('ref_axis',(1.,0.,0.));
#2400=DIRECTION('center_axis',(-1.,0.,0.));
#2401=DIRECTION('ref_axis',(0.,1.,0.));
#2402=DIRECTION('center_axis',(0.,0.,1.));
#2403=DIRECTION('ref_axis',(-0.707106781186548,0.707106781186547,0.));
#2404=DIRECTION('center_axis',(0.,1.,0.));
#2405=DIRECTION('ref_axis',(0.,0.,-1.));
#2406=DIRECTION('center_axis',(0.,-1.,0.));
#2407=DIRECTION('ref_axis',(-0.70710678118654,0.,-0.707106781186555));
#2408=DIRECTION('center_axis',(0.,1.,0.));
#2409=DIRECTION('ref_axis',(0.,0.,-1.));
#2410=DIRECTION('',(0.,-1.,0.));
#2411=DIRECTION('center_axis',(0.,0.,1.));
#2412=DIRECTION('ref_axis',(1.,0.,0.));
#2413=DIRECTION('center_axis',(-1.,0.,0.));
#2414=DIRECTION('ref_axis',(0.,0.,-1.));
#2415=DIRECTION('center_axis',(0.,0.,-1.));
#2416=DIRECTION('ref_axis',(-0.707106781186548,-0.707106781186547,0.));
#2417=DIRECTION('center_axis',(0.,0.,1.));
#2418=DIRECTION('ref_axis',(-0.707106781186548,-0.707106781186547,0.));
#2419=DIRECTION('center_axis',(-1.,0.,0.));
#2420=DIRECTION('ref_axis',(0.,-0.707106781186546,-0.707106781186549));
#2421=DIRECTION('center_axis',(-1.,1.77635683940026E-14,0.));
#2422=DIRECTION('ref_axis',(0.,0.,-1.));
#2423=DIRECTION('',(-1.,0.,0.));
#2424=DIRECTION('',(1.,0.,0.));
#2425=DIRECTION('center_axis',(0.,0.,1.));
#2426=DIRECTION('ref_axis',(1.,0.,0.));
#2427=DIRECTION('center_axis',(0.,-1.,0.));
#2428=DIRECTION('ref_axis',(0.,0.,-1.));
#2429=DIRECTION('center_axis',(0.,0.,1.));
#2430=DIRECTION('ref_axis',(0.707106781186548,-0.707106781186547,0.));
#2431=DIRECTION('center_axis',(0.,-1.,0.));
#2432=DIRECTION('ref_axis',(0.707106781186553,0.,-0.707106781186543));
#2433=DIRECTION('center_axis',(0.,-1.,0.));
#2434=DIRECTION('ref_axis',(0.,0.,-1.));
#2435=DIRECTION('',(0.,-1.,0.));
#2436=DIRECTION('',(0.,1.,0.));
#2437=DIRECTION('center_axis',(0.,0.,1.));
#2438=DIRECTION('ref_axis',(1.,0.,0.));
#2439=DIRECTION('center_axis',(1.,0.,0.));
#2440=DIRECTION('ref_axis',(0.,0.,-1.));
#2441=DIRECTION('center_axis',(0.,0.,1.));
#2442=DIRECTION('ref_axis',(0.707106781186548,0.707106781186547,0.));
#2443=DIRECTION('center_axis',(1.,0.,0.));
#2444=DIRECTION('ref_axis',(0.,0.707106781186546,-0.707106781186549));
#2445=DIRECTION('',(-1.,0.,0.));
#2446=DIRECTION('center_axis',(1.,0.,0.));
#2447=DIRECTION('ref_axis',(0.,1.,0.));
#2448=DIRECTION('',(0.,0.,-1.));
#2449=DIRECTION('center_axis',(-1.,0.,0.));
#2450=DIRECTION('ref_axis',(0.,0.707106781186551,-0.707106781186544));
#2451=DIRECTION('',(0.,-1.,0.));
#2452=DIRECTION('center_axis',(-1.,0.,0.));
#2453=DIRECTION('ref_axis',(0.,-0.707106781186546,-0.707106781186549));
#2454=DIRECTION('center_axis',(0.,0.,1.));
#2455=DIRECTION('ref_axis',(1.,0.,0.));
#2456=DIRECTION('center_axis',(0.,-1.,0.));
#2457=DIRECTION('ref_axis',(0.,0.,-1.));
#2458=DIRECTION('',(0.,0.,1.));
#2459=DIRECTION('center_axis',(0.,0.,1.));
#2460=DIRECTION('ref_axis',(-0.707106781186548,-0.707106781186548,0.));
#2461=DIRECTION('center_axis',(-1.,0.,0.));
#2462=DIRECTION('ref_axis',(0.,-0.707106781186546,-0.707106781186549));
#2463=DIRECTION('',(-1.,0.,0.));
#2464=DIRECTION('center_axis',(-1.,0.,0.));
#2465=DIRECTION('ref_axis',(0.,-0.707106781186546,-0.707106781186549));
#2466=DIRECTION('center_axis',(0.,0.,-1.));
#2467=DIRECTION('ref_axis',(0.,-1.,0.));
#2468=DIRECTION('',(1.,0.,0.));
#2469=DIRECTION('',(0.,1.,0.));
#2470=DIRECTION('center_axis',(-1.,0.,0.));
#2471=DIRECTION('ref_axis',(0.,0.707106781186551,-0.707106781186544));
#2472=DIRECTION('',(-1.,0.,0.));
#2473=DIRECTION('center_axis',(-1.,0.,0.));
#2474=DIRECTION('ref_axis',(0.,0.707106781186551,-0.707106781186544));
#2475=DIRECTION('center_axis',(1.,0.,0.));
#2476=DIRECTION('ref_axis',(0.,-0.707106781186546,-0.707106781186549));
#2477=DIRECTION('',(1.,0.,0.));
#2478=DIRECTION('',(-1.,0.,0.));
#2479=DIRECTION('center_axis',(-1.,0.,0.));
#2480=DIRECTION('ref_axis',(0.,0.707106781186549,-0.707106781186546));
#2481=DIRECTION('',(1.,0.,0.));
#2482=DIRECTION('center_axis',(0.,0.,-1.));
#2483=DIRECTION('ref_axis',(-1.,0.,0.));
#2484=DIRECTION('center_axis',(0.,1.,0.));
#2485=DIRECTION('ref_axis',(0.999598043351892,0.,-0.028350515463917));
#2486=DIRECTION('',(0.,-1.,0.));
#2487=DIRECTION('',(0.,1.,0.));
#2488=DIRECTION('center_axis',(0.,0.,-1.));
#2489=DIRECTION('ref_axis',(1.,0.,0.));
#2490=DIRECTION('',(0.,1.,0.));
#2491=DIRECTION('center_axis',(0.,-1.,0.));
#2492=DIRECTION('ref_axis',(-0.999598043351892,0.,-0.028350515463917));
#2493=DIRECTION('',(0.,1.,0.));
#2494=DIRECTION('center_axis',(0.,-1.,0.));
#2495=DIRECTION('ref_axis',(0.707106781186547,0.,-0.707106781186547));
#2496=DIRECTION('',(0.,-1.,0.));
#2497=DIRECTION('center_axis',(0.,-1.,0.));
#2498=DIRECTION('ref_axis',(0.707106781186547,0.,-0.707106781186547));
#2499=DIRECTION('center_axis',(0.,0.,1.));
#2500=DIRECTION('ref_axis',(1.,0.,0.));
#2501=DIRECTION('',(0.,1.,0.));
#2502=DIRECTION('',(1.,0.,0.));
#2503=DIRECTION('center_axis',(0.,1.,0.));
#2504=DIRECTION('ref_axis',(-0.707106781186547,0.,-0.707106781186547));
#2505=DIRECTION('center_axis',(0.,-1.,0.));
#2506=DIRECTION('ref_axis',(-0.707106781186547,0.,-0.707106781186547));
#2507=DIRECTION('',(0.,-1.,0.));
#2508=DIRECTION('center_axis',(0.,0.,1.));
#2509=DIRECTION('ref_axis',(0.500000119209276,-0.86602533495892,0.));
#2510=DIRECTION('center_axis',(0.,0.,-1.));
#2511=DIRECTION('ref_axis',(0.500000119209276,-0.86602533495892,0.));
#2512=DIRECTION('',(0.,0.,-1.));
#2513=DIRECTION('',(0.,0.,1.));
#2514=DIRECTION('center_axis',(0.,0.,1.));
#2515=DIRECTION('ref_axis',(-1.,0.,0.));
#2516=DIRECTION('center_axis',(0.,0.,-1.));
#2517=DIRECTION('ref_axis',(-0.707106781186548,-0.707106781186548,0.));
#2518=DIRECTION('center_axis',(0.,0.,-1.));
#2519=DIRECTION('ref_axis',(0.707106781186548,-0.707106781186548,0.));
#2520=DIRECTION('',(0.,-1.,0.));
#2521=DIRECTION('center_axis',(0.,0.,-1.));
#2522=DIRECTION('ref_axis',(0.707106781186548,0.707106781186548,0.));
#2523=DIRECTION('',(1.,0.,0.));
#2524=DIRECTION('center_axis',(0.,0.,-1.));
#2525=DIRECTION('ref_axis',(-0.707106781186548,0.707106781186548,0.));
#2526=DIRECTION('center_axis',(0.,0.,1.));
#2527=DIRECTION('ref_axis',(-0.707106781186551,0.707106781186544,0.));
#2528=DIRECTION('',(1.,0.,0.));
#2529=DIRECTION('center_axis',(0.,0.,1.));
#2530=DIRECTION('ref_axis',(0.707106781186551,0.707106781186544,0.));
#2531=DIRECTION('center_axis',(0.,0.,-1.));
#2532=DIRECTION('ref_axis',(-0.500000119209276,-0.86602533495892,0.));
#2533=DIRECTION('',(1.,0.,0.));
#2534=DIRECTION('center_axis',(0.,0.,-1.));
#2535=DIRECTION('ref_axis',(1.,0.,0.));
#2536=DIRECTION('',(0.,-1.,0.));
#2537=DIRECTION('center_axis',(0.,0.,-1.));
#2538=DIRECTION('ref_axis',(0.,-1.,0.));
#2539=DIRECTION('',(-1.,0.,0.));
#2540=DIRECTION('center_axis',(0.,0.,-1.));
#2541=DIRECTION('ref_axis',(-1.,0.,0.));
#2542=DIRECTION('',(0.,1.,0.));
#2543=DIRECTION('center_axis',(0.,0.,-1.));
#2544=DIRECTION('ref_axis',(0.,1.,0.));
#2545=DIRECTION('',(1.,0.,0.));
#2546=DIRECTION('center_axis',(0.,0.,-1.));
#2547=DIRECTION('ref_axis',(-0.707106781186551,0.707106781186544,0.));
#2548=DIRECTION('',(0.,0.,1.));
#2549=DIRECTION('center_axis',(0.,0.,-1.));
#2550=DIRECTION('ref_axis',(-0.500000119209276,-0.86602533495892,0.));
#2551=DIRECTION('',(0.,0.,-1.));
#2552=DIRECTION('',(0.,0.,1.));
#2553=DIRECTION('center_axis',(0.,-1.,0.));
#2554=DIRECTION('ref_axis',(1.,0.,0.));
#2555=DIRECTION('',(0.,0.,1.));
#2556=DIRECTION('center_axis',(0.,0.,1.));
#2557=DIRECTION('ref_axis',(0.707106781186551,0.707106781186544,0.));
#2558=DIRECTION('',(0.,0.,-1.));
#2559=DIRECTION('center_axis',(0.,1.,0.));
#2560=DIRECTION('ref_axis',(1.,0.,0.));
#2561=DIRECTION('center_axis',(0.,0.,1.));
#2562=DIRECTION('ref_axis',(-0.707106781186548,-0.707106781186548,0.));
#2563=DIRECTION('center_axis',(0.,0.,1.));
#2564=DIRECTION('ref_axis',(-0.707106781186548,-0.707106781186548,0.));
#2565=DIRECTION('center_axis',(0.,0.,1.));
#2566=DIRECTION('ref_axis',(0.707106781186548,-0.707106781186548,0.));
#2567=DIRECTION('',(0.,0.,-1.));
#2568=DIRECTION('center_axis',(0.,1.,0.));
#2569=DIRECTION('ref_axis',(-1.,0.,0.));
#2570=DIRECTION('',(0.,0.,1.));
#2571=DIRECTION('',(0.,0.,1.));
#2572=DIRECTION('center_axis',(0.,0.,1.));
#2573=DIRECTION('ref_axis',(0.,-1.,0.));
#2574=DIRECTION('',(0.,0.,1.));
#2575=DIRECTION('center_axis',(-1.,0.,0.));
#2576=DIRECTION('ref_axis',(0.,-1.,0.));
#2577=DIRECTION('',(0.,0.,1.));
#2578=DIRECTION('center_axis',(0.,0.,1.));
#2579=DIRECTION('ref_axis',(1.,0.,0.));
#2580=DIRECTION('center_axis',(0.,-1.,0.));
#2581=DIRECTION('ref_axis',(1.,0.,0.));
#2582=DIRECTION('',(0.,0.,1.));
#2583=DIRECTION('center_axis',(0.,0.,1.));
#2584=DIRECTION('ref_axis',(0.,1.,0.));
#2585=DIRECTION('',(0.,0.,1.));
#2586=DIRECTION('center_axis',(1.,0.,0.));
#2587=DIRECTION('ref_axis',(0.,1.,0.));
#2588=DIRECTION('',(0.,0.,1.));
#2589=DIRECTION('center_axis',(0.,0.,1.));
#2590=DIRECTION('ref_axis',(-1.,0.,0.));
#2591=DIRECTION('center_axis',(0.,0.,1.));
#2592=DIRECTION('ref_axis',(1.,0.,0.));
#2593=DIRECTION('center_axis',(0.,0.,1.));
#2594=DIRECTION('ref_axis',(0.707106781186548,0.707106781186548,0.));
#2595=DIRECTION('center_axis',(0.,0.,1.));
#2596=DIRECTION('ref_axis',(0.707106781186548,0.707106781186548,0.));
#2597=DIRECTION('',(0.,0.,-1.));
#2598=DIRECTION('',(0.,0.,1.));
#2599=DIRECTION('center_axis',(0.,0.,1.));
#2600=DIRECTION('ref_axis',(-0.707106781186548,0.707106781186548,0.));
#2601=DIRECTION('',(0.,0.,1.));
#2602=DIRECTION('center_axis',(0.,-1.,0.));
#2603=DIRECTION('ref_axis',(0.,0.,1.));
#2604=DIRECTION('',(0.,0.,1.));
#2605=DIRECTION('center_axis',(0.,-1.,0.));
#2606=DIRECTION('ref_axis',(0.,0.,-1.));
#2607=DIRECTION('center_axis',(1.,0.,0.));
#2608=DIRECTION('ref_axis',(0.,0.,1.));
#2609=DIRECTION('center_axis',(0.,-1.,0.));
#2610=DIRECTION('ref_axis',(-0.707106781186547,0.,0.707106781186548));
#2611=DIRECTION('',(0.,1.,0.));
#2612=DIRECTION('center_axis',(-1.,0.,0.));
#2613=DIRECTION('ref_axis',(0.,0.,-1.));
#2614=DIRECTION('center_axis',(-1.,0.,0.));
#2615=DIRECTION('ref_axis',(0.,0.,-1.));
#2616=DIRECTION('',(0.,0.,1.));
#2617=DIRECTION('center_axis',(0.,-1.,0.));
#2618=DIRECTION('ref_axis',(1.,0.,0.));
#2619=DIRECTION('',(0.,0.,-1.));
#2620=DIRECTION('center_axis',(0.,0.,1.));
#2621=DIRECTION('ref_axis',(-0.707106781186548,-0.707106781186548,0.));
#2622=DIRECTION('center_axis',(-1.,0.,0.));
#2623=DIRECTION('ref_axis',(0.,-1.,0.));
#2624=DIRECTION('',(0.,0.,1.));
#2625=DIRECTION('center_axis',(0.,0.,1.));
#2626=DIRECTION('ref_axis',(0.707106781186548,0.707106781186548,0.));
#2627=CARTESIAN_POINT('',(0.,0.,0.));
#2628=CARTESIAN_POINT('Origin',(-15.0000002235174,18.0000002682209,2.));
#2629=CARTESIAN_POINT('',(-7.37500022351742,18.0000002682209,4.5));
#2630=CARTESIAN_POINT('Origin',(-15.0000002235174,18.0000002682209,4.5));
#2631=CARTESIAN_POINT('',(-7.37500022351742,18.0000002682209,2.));
#2632=CARTESIAN_POINT('',(-7.37500022351742,18.0000002682209,2.));
#2633=CARTESIAN_POINT('Origin',(-15.0000002235174,18.0000002682209,2.));
#2634=CARTESIAN_POINT('Origin',(-15.0000002235174,18.0000002682209,2.));
#2635=CARTESIAN_POINT('',(-5.37500022351741,18.0000002682209,4.5));
#2636=CARTESIAN_POINT('Origin',(-15.0000002235174,18.0000002682209,4.5));
#2637=CARTESIAN_POINT('',(-5.37500022351741,18.0000002682209,2.));
#2638=CARTESIAN_POINT('',(-5.37500022351741,18.0000002682209,2.));
#2639=CARTESIAN_POINT('Origin',(-15.0000002235174,18.0000002682209,2.));
#2640=CARTESIAN_POINT('Origin',(-15.0000002235174,18.0000002682209,4.5));
#2641=CARTESIAN_POINT('Origin',(0.,0.,2.));
#2642=CARTESIAN_POINT('Origin',(15.0000002235174,18.0000002682209,2.));
#2643=CARTESIAN_POINT('',(22.6250002235174,18.0000002682209,4.5));
#2644=CARTESIAN_POINT('Origin',(15.0000002235174,18.0000002682209,4.5));
#2645=CARTESIAN_POINT('',(22.6250002235174,18.0000002682209,2.));
#2646=CARTESIAN_POINT('',(22.6250002235174,18.0000002682209,2.));
#2647=CARTESIAN_POINT('Origin',(15.0000002235174,18.0000002682209,2.));
#2648=CARTESIAN_POINT('Origin',(15.0000002235174,18.0000002682209,2.));
#2649=CARTESIAN_POINT('',(24.6250002235174,18.0000002682209,4.5));
#2650=CARTESIAN_POINT('Origin',(15.0000002235174,18.0000002682209,4.5));
#2651=CARTESIAN_POINT('',(24.6250002235174,18.0000002682209,2.));
#2652=CARTESIAN_POINT('',(24.6250002235174,18.0000002682209,2.));
#2653=CARTESIAN_POINT('Origin',(15.0000002235174,18.0000002682209,2.));
#2654=CARTESIAN_POINT('Origin',(15.0000002235174,18.0000002682209,4.5));
#2655=CARTESIAN_POINT('Origin',(0.,0.,2.));
#2656=CARTESIAN_POINT('',(30.5000004470348,32.0000004768372,2.));
#2657=CARTESIAN_POINT('',(29.6339749055994,31.5000002384186,2.));
#2658=CARTESIAN_POINT('Origin',(30.5000004470348,31.0000004768372,2.));
#2659=CARTESIAN_POINT('',(28.767949364164,31.,2.));
#2660=CARTESIAN_POINT('Origin',(28.767949364164,32.,2.));
#2661=CARTESIAN_POINT('',(-41.8,31.,2.));
#2662=CARTESIAN_POINT('',(-20.9,31.,2.));
#2663=CARTESIAN_POINT('',(-43.5,29.3,2.));
#2664=CARTESIAN_POINT('Origin',(-41.8,29.3,2.));
#2665=CARTESIAN_POINT('',(-43.5,-29.3,2.));
#2666=CARTESIAN_POINT('',(-43.5,-14.65,2.));
#2667=CARTESIAN_POINT('',(-41.8,-31.,2.));
#2668=CARTESIAN_POINT('Origin',(-41.8,-29.3,2.));
#2669=CARTESIAN_POINT('',(41.8,-31.,2.));
#2670=CARTESIAN_POINT('',(20.9,-31.,2.));
#2671=CARTESIAN_POINT('',(43.5,-29.3,2.));
#2672=CARTESIAN_POINT('Origin',(41.8,-29.3,2.));
#2673=CARTESIAN_POINT('',(43.5,29.3,2.));
#2674=CARTESIAN_POINT('',(43.5,14.65,2.));
#2675=CARTESIAN_POINT('',(41.8,31.,2.));
#2676=CARTESIAN_POINT('Origin',(41.8,29.3,2.));
#2677=CARTESIAN_POINT('',(41.2320516789173,31.,2.));
#2678=CARTESIAN_POINT('',(-20.9,31.,2.));
#2679=CARTESIAN_POINT('',(40.3660261374819,31.5000002384186,2.));
#2680=CARTESIAN_POINT('Origin',(41.2320516789173,32.,2.));
#2681=CARTESIAN_POINT('',(39.5000005960464,32.0000004768372,2.));
#2682=CARTESIAN_POINT('Origin',(39.5000005960464,31.0000004768372,2.));
#2683=CARTESIAN_POINT('',(40.0000005960464,32.0000004768372,2.));
#2684=CARTESIAN_POINT('',(-29.49998730452,19.5002069817169,2.));
#2685=CARTESIAN_POINT('Origin',(-32.000000004545,19.5002069817169,2.));
#2686=CARTESIAN_POINT('',(-29.5000635046719,5.50025778182688,2.));
#2687=CARTESIAN_POINT('Origin',(-32.000076204697,5.50025778182688,2.));
#2688=CARTESIAN_POINT('',(8.49983489512406,0.500587982486915,2.));
#2689=CARTESIAN_POINT('Origin',(5.99982219509906,0.500587982486915,2.));
#2690=CARTESIAN_POINT('',(9.625,-19.0000002831221,2.));
#2691=CARTESIAN_POINT('Origin',(0.,-19.0000002831221,2.));
#2692=CARTESIAN_POINT('Origin',(0.,-19.0000002831221,2.));
#2693=CARTESIAN_POINT('',(7.625,-19.0000002831221,4.5));
#2694=CARTESIAN_POINT('Origin',(0.,-19.0000002831221,4.5));
#2695=CARTESIAN_POINT('',(7.625,-19.0000002831221,2.));
#2696=CARTESIAN_POINT('',(7.625,-19.0000002831221,2.));
#2697=CARTESIAN_POINT('Origin',(0.,-19.0000002831221,2.));
#2698=CARTESIAN_POINT('Origin',(0.,-19.0000002831221,2.));
#2699=CARTESIAN_POINT('',(9.625,-19.0000002831221,4.5));
#2700=CARTESIAN_POINT('Origin',(0.,-19.0000002831221,4.5));
#2701=CARTESIAN_POINT('',(9.625,-19.0000002831221,2.));
#2702=CARTESIAN_POINT('Origin',(0.,-19.0000002831221,4.5));
#2703=CARTESIAN_POINT('Origin',(0.,0.,2.));
#2704=CARTESIAN_POINT('Origin',(-32.000076204697,5.50025778182688,2.5));
#2705=CARTESIAN_POINT('',(-33.037826204697,5.50025778182688,5.));
#2706=CARTESIAN_POINT('Origin',(-32.000076204697,5.50025778182688,5.));
#2707=CARTESIAN_POINT('',(-33.037826204697,5.50025778182688,0.));
#2708=CARTESIAN_POINT('',(-33.037826204697,5.50025778182688,2.5));
#2709=CARTESIAN_POINT('Origin',(-32.000076204697,5.50025778182688,0.));
#2710=CARTESIAN_POINT('Origin',(-32.000000004545,19.5002069817169,2.5));
#2711=CARTESIAN_POINT('',(-33.037750004545,19.5002069817169,5.));
#2712=CARTESIAN_POINT('Origin',(-32.000000004545,19.5002069817169,5.));
#2713=CARTESIAN_POINT('',(-33.037750004545,19.5002069817169,0.));
#2714=CARTESIAN_POINT('',(-33.037750004545,19.5002069817169,2.5));
#2715=CARTESIAN_POINT('Origin',(-32.000000004545,19.5002069817169,0.));
#2716=CARTESIAN_POINT('Origin',(5.99982219509906,0.500587982486915,2.5));
#2717=CARTESIAN_POINT('',(4.96207219509906,0.500587982486915,5.));
#2718=CARTESIAN_POINT('Origin',(5.99982219509906,0.500587982486915,5.));
#2719=CARTESIAN_POINT('',(4.96207219509906,0.500587982486915,0.));
#2720=CARTESIAN_POINT('',(4.96207219509906,0.500587982486915,2.5));
#2721=CARTESIAN_POINT('Origin',(5.99982219509906,0.500587982486915,0.));
#2722=CARTESIAN_POINT('Origin',(5.99982219509906,0.500587982486915,2.));
#2723=CARTESIAN_POINT('',(8.49983489512406,0.500587982486915,5.));
#2724=CARTESIAN_POINT('Origin',(5.99982219509906,0.500587982486915,5.));
#2725=CARTESIAN_POINT('',(8.49983489512406,0.500587982486915,2.));
#2726=CARTESIAN_POINT('Origin',(5.99982219509906,0.500587982486915,5.));
#2727=CARTESIAN_POINT('Origin',(-32.000076204697,5.50025778182688,2.));
#2728=CARTESIAN_POINT('',(-29.5000635046719,5.50025778182688,5.));
#2729=CARTESIAN_POINT('Origin',(-32.000076204697,5.50025778182688,5.));
#2730=CARTESIAN_POINT('',(-29.5000635046719,5.50025778182688,2.));
#2731=CARTESIAN_POINT('Origin',(-32.000076204697,5.50025778182688,5.));
#2732=CARTESIAN_POINT('Origin',(-32.000000004545,19.5002069817169,2.));
#2733=CARTESIAN_POINT('',(-29.49998730452,19.5002069817169,5.));
#2734=CARTESIAN_POINT('Origin',(-32.000000004545,19.5002069817169,5.));
#2735=CARTESIAN_POINT('',(-29.49998730452,19.5002069817169,2.));
#2736=CARTESIAN_POINT('Origin',(-32.000000004545,19.5002069817169,5.));
#2737=CARTESIAN_POINT('Origin',(46.5000007003546,-34.,2.2));
#2738=CARTESIAN_POINT('',(48.7500007003546,-34.,2.2));
#2739=CARTESIAN_POINT('Origin',(46.5000007003546,-34.,2.2));
#2740=CARTESIAN_POINT('',(47.6000007003546,-34.,2.2));
#2741=CARTESIAN_POINT('Origin',(46.5000007003546,-34.,2.2));
#2742=CARTESIAN_POINT('Origin',(46.5000007003546,-34.,1.1));
#2743=CARTESIAN_POINT('',(48.7500007003546,-34.,0.));
#2744=CARTESIAN_POINT('Origin',(46.5000007003546,-34.,0.));
#2745=CARTESIAN_POINT('',(48.7500007003546,-34.,1.1));
#2746=CARTESIAN_POINT('Origin',(46.5000007003546,-34.,68.2));
#2747=CARTESIAN_POINT('',(47.6000007003546,-34.,8.35));
#2748=CARTESIAN_POINT('',(47.6000007003546,-34.,68.2));
#2749=CARTESIAN_POINT('Origin',(46.5000007003546,-34.,8.35));
#2750=CARTESIAN_POINT('Origin',(-46.4999992996454,34.,2.2));
#2751=CARTESIAN_POINT('',(-44.2499992996454,34.,2.2));
#2752=CARTESIAN_POINT('Origin',(-46.4999992996454,34.,2.2));
#2753=CARTESIAN_POINT('',(-45.3999992996454,34.,2.2));
#2754=CARTESIAN_POINT('Origin',(-46.4999992996454,34.,2.2));
#2755=CARTESIAN_POINT('Origin',(-46.4999992996454,34.,1.1));
#2756=CARTESIAN_POINT('',(-44.2499992996454,34.,0.));
#2757=CARTESIAN_POINT('Origin',(-46.4999992996454,34.,0.));
#2758=CARTESIAN_POINT('',(-44.2499992996454,34.,1.1));
#2759=CARTESIAN_POINT('Origin',(-46.4999992996454,34.,68.2));
#2760=CARTESIAN_POINT('',(-45.3999992996454,34.,8.35));
#2761=CARTESIAN_POINT('',(-45.3999992996454,34.,68.2));
#2762=CARTESIAN_POINT('Origin',(-46.4999992996454,34.,8.35));
#2763=CARTESIAN_POINT('Origin',(-46.4999992996454,-34.,2.2));
#2764=CARTESIAN_POINT('',(-44.2499992996454,-34.,2.2));
#2765=CARTESIAN_POINT('Origin',(-46.4999992996454,-34.,2.2));
#2766=CARTESIAN_POINT('',(-45.3999992996454,-34.,2.2));
#2767=CARTESIAN_POINT('Origin',(-46.4999992996454,-34.,2.2));
#2768=CARTESIAN_POINT('Origin',(-46.4999992996454,-34.,1.1));
#2769=CARTESIAN_POINT('',(-44.2499992996454,-34.,0.));
#2770=CARTESIAN_POINT('Origin',(-46.4999992996454,-34.,0.));
#2771=CARTESIAN_POINT('',(-44.2499992996454,-34.,1.1));
#2772=CARTESIAN_POINT('Origin',(-46.4999992996454,-34.,68.2));
#2773=CARTESIAN_POINT('',(-45.3999992996454,-34.,8.35));
#2774=CARTESIAN_POINT('',(-45.3999992996454,-34.,68.2));
#2775=CARTESIAN_POINT('Origin',(-46.4999992996454,-34.,8.35));
#2776=CARTESIAN_POINT('Origin',(46.5000007003546,34.,2.2));
#2777=CARTESIAN_POINT('',(48.7500007003546,34.,2.2));
#2778=CARTESIAN_POINT('Origin',(46.5000007003546,34.,2.2));
#2779=CARTESIAN_POINT('',(47.6000007003546,34.,2.2));
#2780=CARTESIAN_POINT('Origin',(46.5000007003546,34.,2.2));
#2781=CARTESIAN_POINT('Origin',(46.5000007003546,34.,1.1));
#2782=CARTESIAN_POINT('',(48.7500007003546,34.,0.));
#2783=CARTESIAN_POINT('Origin',(46.5000007003546,34.,0.));
#2784=CARTESIAN_POINT('',(48.7500007003546,34.,1.1));
#2785=CARTESIAN_POINT('Origin',(46.5000007003546,34.,68.2));
#2786=CARTESIAN_POINT('',(47.6000007003546,34.,8.35));
#2787=CARTESIAN_POINT('',(47.6000007003546,34.,68.2));
#2788=CARTESIAN_POINT('Origin',(46.5000007003546,34.,8.35));
#2789=CARTESIAN_POINT('Origin',(3.50177291608134E-7,-2.22044604925031E-15,
8.35));
#2790=CARTESIAN_POINT('',(50.0000007003546,33.9999994859099,8.35));
#2791=CARTESIAN_POINT('',(50.0000007003546,-11.7448349283631,8.35));
#2792=CARTESIAN_POINT('',(50.0000007003546,-17.250000257045,8.35));
#2793=CARTESIAN_POINT('',(46.5000007003546,37.4999994859099,8.35));
#2794=CARTESIAN_POINT('Origin',(46.5000007003546,33.9999994859099,8.35));
#2795=CARTESIAN_POINT('',(41.7499862299108,37.4999994859099,8.35));
#2796=CARTESIAN_POINT('',(23.5000005252659,37.4999994859099,8.35));
#2797=CARTESIAN_POINT('',(41.7499862299108,33.4999994859099,8.35));
#2798=CARTESIAN_POINT('',(41.7499862299108,34.4999994859099,8.35));
#2799=CARTESIAN_POINT('',(39.7499991171062,33.4999994859099,8.35));
#2800=CARTESIAN_POINT('',(17.4999997839332,33.4999994859099,8.35));
#2801=CARTESIAN_POINT('',(39.7499991171062,32.4999994859099,8.35));
#2802=CARTESIAN_POINT('',(39.7499991171062,17.249999742955,8.35));
#2803=CARTESIAN_POINT('',(41.8000007003546,32.4999994859099,8.35));
#2804=CARTESIAN_POINT('',(-22.4999994747341,32.4999994859099,8.35));
#2805=CARTESIAN_POINT('',(45.0000007003546,29.2999994859099,8.35));
#2806=CARTESIAN_POINT('Origin',(41.8000007003546,29.2999994859099,8.35));
#2807=CARTESIAN_POINT('',(45.0000007003546,-11.7448349283631,8.35));
#2808=CARTESIAN_POINT('',(45.0000007003546,16.249999742955,8.35));
#2809=CARTESIAN_POINT('',(23.5000005252659,-11.7448349283631,8.35));
#2810=CARTESIAN_POINT('Origin',(3.50177291608134E-7,-2.22044604925031E-15,
8.35));
#2811=CARTESIAN_POINT('',(-46.4999992996454,37.4999994859099,8.35));
#2812=CARTESIAN_POINT('',(28.2500122054673,37.4999994859099,8.35));
#2813=CARTESIAN_POINT('',(23.5000005252659,37.4999994859099,8.35));
#2814=CARTESIAN_POINT('',(-49.9999992996454,33.9999994859099,8.35));
#2815=CARTESIAN_POINT('Origin',(-46.4999992996454,33.9999994859099,8.35));
#2816=CARTESIAN_POINT('',(-49.9999992996454,-11.7448349283631,8.35));
#2817=CARTESIAN_POINT('',(-49.9999992996454,17.249999742955,8.35));
#2818=CARTESIAN_POINT('',(-44.9999992996454,-11.7448349283631,8.35));
#2819=CARTESIAN_POINT('',(-23.4999994747341,-11.7448349283631,8.35));
#2820=CARTESIAN_POINT('',(-44.9999992996454,29.2999994859099,8.35));
#2821=CARTESIAN_POINT('',(-44.9999992996454,-16.250000257045,8.35));
#2822=CARTESIAN_POINT('',(-41.7999992996454,32.4999994859099,8.35));
#2823=CARTESIAN_POINT('Origin',(-41.7999992996454,29.2999994859099,8.35));
#2824=CARTESIAN_POINT('',(30.2499993182719,32.4999994859099,8.35));
#2825=CARTESIAN_POINT('',(-22.4999994747341,32.4999994859099,8.35));
#2826=CARTESIAN_POINT('',(30.2499993182719,33.4999994859099,8.35));
#2827=CARTESIAN_POINT('',(30.2499993182719,17.249999742955,8.35));
#2828=CARTESIAN_POINT('',(28.2500122054673,33.4999994859099,8.35));
#2829=CARTESIAN_POINT('',(17.4999997839332,33.4999994859099,8.35));
#2830=CARTESIAN_POINT('',(28.2500122054673,34.4999994859099,8.35));
#2831=CARTESIAN_POINT('Origin',(3.50177291608134E-7,-2.22044604925031E-15,
8.35));
#2832=CARTESIAN_POINT('',(46.5000007003546,-37.5,8.35));
#2833=CARTESIAN_POINT('',(-46.4999992996454,-37.5,8.35));
#2834=CARTESIAN_POINT('',(-23.4999994747341,-37.5,8.35));
#2835=CARTESIAN_POINT('',(50.0000007003546,-34.,8.35));
#2836=CARTESIAN_POINT('Origin',(46.5000007003546,-34.,8.35));
#2837=CARTESIAN_POINT('',(50.0000007003546,-29.2548349283631,8.35));
#2838=CARTESIAN_POINT('',(50.0000007003546,-17.250000257045,8.35));
#2839=CARTESIAN_POINT('',(45.0000007003546,-29.2548349283631,8.35));
#2840=CARTESIAN_POINT('',(23.5000005252659,-29.2548349283631,8.35));
#2841=CARTESIAN_POINT('',(45.0000007003546,-29.3000005140901,8.35));
#2842=CARTESIAN_POINT('',(45.0000007003546,16.249999742955,8.35));
#2843=CARTESIAN_POINT('',(41.8000007003546,-32.5000005140901,8.35));
#2844=CARTESIAN_POINT('Origin',(41.8000007003546,-29.3000005140901,8.35));
#2845=CARTESIAN_POINT('',(-41.7999992996454,-32.5000005140901,8.35));
#2846=CARTESIAN_POINT('',(22.5000005252659,-32.5000005140901,8.35));
#2847=CARTESIAN_POINT('',(-44.9999992996454,-29.3000005140901,8.35));
#2848=CARTESIAN_POINT('Origin',(-41.7999992996454,-29.3000005140901,8.35));
#2849=CARTESIAN_POINT('',(-44.9999992996454,-29.2548349283631,8.35));
#2850=CARTESIAN_POINT('',(-44.9999992996454,-16.250000257045,8.35));
#2851=CARTESIAN_POINT('',(-49.9999992996454,-29.2548349283631,8.35));
#2852=CARTESIAN_POINT('',(-23.4999994747341,-29.2548349283631,8.35));
#2853=CARTESIAN_POINT('',(-49.9999992996454,-34.,8.35));
#2854=CARTESIAN_POINT('',(-49.9999992996454,17.249999742955,8.35));
#2855=CARTESIAN_POINT('Origin',(-46.4999992996454,-34.,8.35));
#2856=CARTESIAN_POINT('Origin',(39.7499991171062,34.4999994859099,8.23));
#2857=CARTESIAN_POINT('',(39.7499991171062,33.5,7.71));
#2858=CARTESIAN_POINT('',(39.7499991171062,33.4999994859099,9.22749994412065));
#2859=CARTESIAN_POINT('',(39.7499991171062,32.5,7.71));
#2860=CARTESIAN_POINT('',(39.7499991171062,34.,7.71));
#2861=CARTESIAN_POINT('',(39.7499991171062,32.4999994859099,5.115));
#2862=CARTESIAN_POINT('Origin',(37.8699991171062,34.4999994859099,8.33999977648258));
#2863=CARTESIAN_POINT('',(41.7499991171062,37.4999994859099,8.33999977648258));
#2864=CARTESIAN_POINT('Origin',(37.8699991171062,37.4999994859099,8.33999977648258));
#2865=CARTESIAN_POINT('',(41.7499991171062,33.4999994859099,8.33999977648258));
#2866=CARTESIAN_POINT('',(41.7499991171062,34.4999994859099,8.33999977648258));
#2867=CARTESIAN_POINT('Origin',(37.8699991171062,33.4999994859099,8.33999977648258));
#2868=CARTESIAN_POINT('Origin',(46.5000007003546,33.9999994859099,0.));
#2869=CARTESIAN_POINT('',(50.0000007003546,33.9999994859099,0.5));
#2870=CARTESIAN_POINT('',(50.0000007003546,33.9999994859099,0.));
#2871=CARTESIAN_POINT('',(46.5000007003546,37.4999994859099,0.5));
#2872=CARTESIAN_POINT('Origin',(46.5000007003546,33.9999994859099,0.5));
#2873=CARTESIAN_POINT('',(46.5000007003546,37.4999994859099,0.));
#2874=CARTESIAN_POINT('Origin',(-41.7999992996454,29.2999994859099,1.99999999999999));
#2875=CARTESIAN_POINT('',(-44.9999992996454,29.2999994859099,8.23));
#2876=CARTESIAN_POINT('',(-44.9999992996454,29.2999994859099,1.99999999999999));
#2877=CARTESIAN_POINT('',(-41.7999992996454,32.4999994859099,8.23));
#2878=CARTESIAN_POINT('Origin',(-41.7999992996454,29.2999994859099,8.23));
#2879=CARTESIAN_POINT('',(-41.7999992996454,32.4999994859099,1.99999999999999));
#2880=CARTESIAN_POINT('Origin',(-46.9999992996454,-11.7448349283631,8.23));
#2881=CARTESIAN_POINT('',(-50.,-11.7448349283631,7.19));
#2882=CARTESIAN_POINT('',(-49.9999992996454,-11.7448349283631,4.115));
#2883=CARTESIAN_POINT('',(-45.,-11.7448349283631,7.19));
#2884=CARTESIAN_POINT('',(-46.5,-11.7448349283631,7.19));
#2885=CARTESIAN_POINT('',(-44.9999992996454,-11.7448349283631,5.115));
#2886=CARTESIAN_POINT('Origin',(34.999999217689,33.4999994859099,10.2249998882413));
#2887=CARTESIAN_POINT('',(41.7499991171062,33.4999994859099,8.23));
#2888=CARTESIAN_POINT('',(41.7499991171062,33.4999994859099,8.23));
#2889=CARTESIAN_POINT('',(37.8715587089009,33.5,4.46));
#2890=CARTESIAN_POINT('Origin',(37.8715587089009,33.5,8.34));
#2891=CARTESIAN_POINT('',(32.1284397264772,33.5,4.46));
#2892=CARTESIAN_POINT('',(28.2499993182718,33.5,4.46));
#2893=CARTESIAN_POINT('',(28.2499993182719,33.4999994859099,8.23));
#2894=CARTESIAN_POINT('Origin',(32.1284397264772,33.5,8.34));
#2895=CARTESIAN_POINT('',(28.2499993182719,33.4999994859099,8.33999977648258));
#2896=CARTESIAN_POINT('',(28.2499993182719,33.4999994859099,12.2199997764826));
#2897=CARTESIAN_POINT('Origin',(32.1299993182719,33.4999994859099,8.33999977648258));
#2898=CARTESIAN_POINT('',(30.2499993182718,33.5,7.71));
#2899=CARTESIAN_POINT('',(30.2499993182719,33.4999994859099,10.2374998323619));
#2900=CARTESIAN_POINT('',(31.4999993182718,33.5,6.46));
#2901=CARTESIAN_POINT('Origin',(31.4999993182718,33.5,7.71));
#2902=CARTESIAN_POINT('',(38.4999991171062,33.5,6.46));
#2903=CARTESIAN_POINT('',(17.4999996088445,33.5,6.46));
#2904=CARTESIAN_POINT('Origin',(38.4999991171062,33.5,7.71));
#2905=CARTESIAN_POINT('Origin',(-46.4999992996454,33.9999994859099,0.));
#2906=CARTESIAN_POINT('',(-46.4999992996454,37.4999994859099,0.5));
#2907=CARTESIAN_POINT('',(-46.4999992996454,37.4999994859099,0.));
#2908=CARTESIAN_POINT('',(-49.9999992996454,33.9999994859099,0.5));
#2909=CARTESIAN_POINT('Origin',(-46.4999992996454,33.9999994859099,0.5));
#2910=CARTESIAN_POINT('',(-49.9999992996454,33.9999994859099,0.));
#2911=CARTESIAN_POINT('Origin',(47.0000007003546,37.4999994859099,0.));
#2912=CARTESIAN_POINT('',(23.5000003501773,37.4999994859099,0.5));
#2913=CARTESIAN_POINT('',(28.2499993182719,37.4999994859099,8.33999977648258));
#2914=CARTESIAN_POINT('Origin',(32.1299993182719,37.4999994859099,8.33999977648258));
#2915=CARTESIAN_POINT('',(28.2499993182719,37.4999994859099,8.23));
#2916=CARTESIAN_POINT('',(28.2499993182719,37.4999994859099,6.1099998882413));
#2917=CARTESIAN_POINT('',(32.1284397264772,37.5,4.46));
#2918=CARTESIAN_POINT('Origin',(32.1284397264772,37.5,8.34));
#2919=CARTESIAN_POINT('',(37.8715587089009,37.5,4.46));
#2920=CARTESIAN_POINT('',(37.6249996591359,37.5,4.46));
#2921=CARTESIAN_POINT('',(41.7499991171062,37.4999994859099,8.23));
#2922=CARTESIAN_POINT('Origin',(37.8715587089009,37.5,8.34));
#2923=CARTESIAN_POINT('',(41.7499991171062,37.4999994859099,4.115));
#2924=CARTESIAN_POINT('Origin',(45.0000007003546,-32.5000005140901,1.99999999999999));
#2925=CARTESIAN_POINT('',(41.8000007003546,-32.5000005140901,8.23));
#2926=CARTESIAN_POINT('',(41.8000007003546,-32.5000005140901,1.99999999999999));
#2927=CARTESIAN_POINT('',(41.8,-32.5,5.));
#2928=CARTESIAN_POINT('',(41.8,-32.5,2.));
#2929=CARTESIAN_POINT('',(-41.8,-32.5,5.));
#2930=CARTESIAN_POINT('',(22.5,-32.5,5.));
#2931=CARTESIAN_POINT('',(-41.7999992996454,-32.5000005140901,8.23));
#2932=CARTESIAN_POINT('',(-41.8,-32.5,2.));
#2933=CARTESIAN_POINT('',(-41.7999992996454,-32.5000005140901,1.99999999999999));
#2934=CARTESIAN_POINT('Origin',(41.8000007003546,-29.3000005140901,1.99999999999999));
#2935=CARTESIAN_POINT('',(45.0000007003546,-29.3000005140901,8.23));
#2936=CARTESIAN_POINT('',(45.0000007003546,-29.3000005140901,1.99999999999999));
#2937=CARTESIAN_POINT('Origin',(41.8000007003546,-29.3000005140901,8.23));
#2938=CARTESIAN_POINT('Origin',(-44.9999992996454,-32.5000005140901,1.99999999999999));
#2939=CARTESIAN_POINT('',(-45.,-12.2448349283631,6.69));
#2940=CARTESIAN_POINT('Origin',(-45.,-12.2448349283631,7.19));
#2941=CARTESIAN_POINT('',(-45.,-28.7548349283631,6.69));
#2942=CARTESIAN_POINT('',(-45.,-30.6274174641816,6.69));
#2943=CARTESIAN_POINT('',(-45.,-29.2548349283631,7.19));
#2944=CARTESIAN_POINT('Origin',(-45.,-28.7548349283631,7.19));
#2945=CARTESIAN_POINT('',(-44.9999992996454,-29.2548349283631,11.385));
#2946=CARTESIAN_POINT('',(-44.9999992996454,-29.3000005140901,8.23));
#2947=CARTESIAN_POINT('',(-44.9999992996454,-29.3000005140901,1.99999999999999));
#2948=CARTESIAN_POINT('',(-45.,-29.3,5.));
#2949=CARTESIAN_POINT('',(-45.,-29.3,2.));
#2950=CARTESIAN_POINT('',(-45.,29.3,5.));
#2951=CARTESIAN_POINT('',(-45.,-16.25,5.));
#2952=CARTESIAN_POINT('',(-45.,29.3,2.));
#2953=CARTESIAN_POINT('Origin',(47.0000007003546,-29.2548349283631,20.77));
#2954=CARTESIAN_POINT('',(50.,-29.2548349283631,7.19));
#2955=CARTESIAN_POINT('',(50.0000007003546,-29.2548349283631,10.385));
#2956=CARTESIAN_POINT('',(45.,-29.2548349283631,7.19));
#2957=CARTESIAN_POINT('',(47.,-29.2548349283631,7.19));
#2958=CARTESIAN_POINT('',(45.0000007003546,-29.2548349283631,11.385));
#2959=CARTESIAN_POINT('Origin',(-49.9999992996454,34.4999994859099,0.));
#2960=CARTESIAN_POINT('',(-49.9999992996454,-34.,0.5));
#2961=CARTESIAN_POINT('',(-49.9999992996454,17.249999742955,0.5));
#2962=CARTESIAN_POINT('',(-49.9999992996454,-34.,0.));
#2963=CARTESIAN_POINT('',(-50.,-29.2548349283631,7.19));
#2964=CARTESIAN_POINT('',(-49.9999992996454,-29.2548349283631,10.385));
#2965=CARTESIAN_POINT('',(-50.,-28.7548349283631,6.69));
#2966=CARTESIAN_POINT('Origin',(-50.,-28.7548349283631,7.19));
#2967=CARTESIAN_POINT('',(-50.,-12.2448349283631,6.69));
#2968=CARTESIAN_POINT('',(-50.,2.87258253581844,6.69));
#2969=CARTESIAN_POINT('Origin',(-50.,-12.2448349283631,7.19));
#2970=CARTESIAN_POINT('Origin',(46.5000007003546,-34.,0.));
#2971=CARTESIAN_POINT('',(46.5000007003546,-37.5,0.5));
#2972=CARTESIAN_POINT('',(46.5000007003546,-37.5,0.));
#2973=CARTESIAN_POINT('',(50.0000007003546,-34.,0.5));
#2974=CARTESIAN_POINT('Origin',(46.5000007003546,-34.,0.5));
#2975=CARTESIAN_POINT('',(50.0000007003546,-34.,0.));
#2976=CARTESIAN_POINT('Origin',(-46.4999992996454,33.9999994859099,0.5));
#2977=CARTESIAN_POINT('',(-46.4999992996454,36.9999994859099,0.));
#2978=CARTESIAN_POINT('Origin',(-46.4999992996454,36.9999994859099,0.5));
#2979=CARTESIAN_POINT('',(-49.4999992996454,33.9999994859099,0.));
#2980=CARTESIAN_POINT('Origin',(-46.4999992996454,33.9999994859099,0.));
#2981=CARTESIAN_POINT('Origin',(-49.4999992996454,33.9999994859099,0.5));
#2982=CARTESIAN_POINT('Origin',(-49.4999992996454,17.249999742955,0.5));
#2983=CARTESIAN_POINT('',(-49.4999992996454,-34.,0.));
#2984=CARTESIAN_POINT('Origin',(-49.4999992996454,-34.,0.5));
#2985=CARTESIAN_POINT('',(-49.4999992996454,17.249999742955,0.));
#2986=CARTESIAN_POINT('Origin',(-46.4999992996454,-34.,0.5));
#2987=CARTESIAN_POINT('',(-46.4999992996454,-37.,0.));
#2988=CARTESIAN_POINT('',(-46.4999992996454,-37.5,0.5));
#2989=CARTESIAN_POINT('Origin',(-46.4999992996454,-37.,0.5));
#2990=CARTESIAN_POINT('Origin',(-46.4999992996454,-34.,0.5));
#2991=CARTESIAN_POINT('Origin',(-46.4999992996454,-34.,0.));
#2992=CARTESIAN_POINT('Origin',(-23.4999996498227,-37.,0.5));
#2993=CARTESIAN_POINT('',(46.5000007003546,-37.,0.));
#2994=CARTESIAN_POINT('Origin',(46.5000007003546,-37.,0.5));
#2995=CARTESIAN_POINT('',(-23.4999996498227,-37.5,0.5));
#2996=CARTESIAN_POINT('',(-23.4999996498227,-37.,0.));
#2997=CARTESIAN_POINT('Origin',(46.5000007003546,-34.,0.5));
#2998=CARTESIAN_POINT('',(49.5000007003546,-34.,0.));
#2999=CARTESIAN_POINT('Origin',(49.5000007003546,-34.,0.5));
#3000=CARTESIAN_POINT('Origin',(46.5000007003546,-34.,0.));
#3001=CARTESIAN_POINT('Origin',(49.5000007003546,-17.250000257045,0.5));
#3002=CARTESIAN_POINT('',(49.5000007003546,33.9999994859099,0.));
#3003=CARTESIAN_POINT('Origin',(49.5000007003546,33.9999994859099,0.5));
#3004=CARTESIAN_POINT('',(50.0000007003546,-17.250000257045,0.5));
#3005=CARTESIAN_POINT('',(49.5000007003546,-17.250000257045,0.));
#3006=CARTESIAN_POINT('Origin',(46.5000007003546,33.9999994859099,0.5));
#3007=CARTESIAN_POINT('',(46.5000007003546,36.9999994859099,0.));
#3008=CARTESIAN_POINT('Origin',(46.5000007003546,36.9999994859099,0.5));
#3009=CARTESIAN_POINT('Origin',(46.5000007003546,33.9999994859099,0.));
#3010=CARTESIAN_POINT('Origin',(23.5000003501773,36.9999994859099,0.5));
#3011=CARTESIAN_POINT('',(23.5000003501773,36.9999994859099,0.));
#3012=CARTESIAN_POINT('Origin',(50.0000007003546,-34.5000005140901,0.));
#3013=CARTESIAN_POINT('',(50.,-11.7448349283631,7.19));
#3014=CARTESIAN_POINT('',(50.0000007003546,-11.7448349283631,4.115));
#3015=CARTESIAN_POINT('',(50.,-12.2448349283631,6.69));
#3016=CARTESIAN_POINT('Origin',(50.,-12.2448349283631,7.19));
#3017=CARTESIAN_POINT('',(50.,-28.7548349283631,6.69));
#3018=CARTESIAN_POINT('',(50.,-23.1224174641816,6.69));
#3019=CARTESIAN_POINT('Origin',(50.,-28.7548349283631,7.19));
#3020=CARTESIAN_POINT('Origin',(0.,0.,0.));
#3021=CARTESIAN_POINT('Origin',(-46.9999992996454,-37.5,0.));
#3022=CARTESIAN_POINT('',(-46.4999992996454,-37.5,0.));
#3023=CARTESIAN_POINT('Origin',(-46.4999992996454,-34.,0.));
#3024=CARTESIAN_POINT('Origin',(47.,-28.7548349283631,7.19));
#3025=CARTESIAN_POINT('',(45.,-28.7548349283631,6.69));
#3026=CARTESIAN_POINT('',(47.,-28.7548349283631,6.69));
#3027=CARTESIAN_POINT('Origin',(45.,-28.7548349283631,7.19));
#3028=CARTESIAN_POINT('Origin',(47.,-11.7448349283631,6.69));
#3029=CARTESIAN_POINT('',(45.,-12.2448349283631,6.69));
#3030=CARTESIAN_POINT('',(47.,-12.2448349283631,6.69));
#3031=CARTESIAN_POINT('',(45.,10.3775825358184,6.69));
#3032=CARTESIAN_POINT('Origin',(47.,-12.2448349283631,7.19));
#3033=CARTESIAN_POINT('',(45.,-11.7448349283631,7.19));
#3034=CARTESIAN_POINT('',(47.,-11.7448349283631,7.19));
#3035=CARTESIAN_POINT('Origin',(45.,-12.2448349283631,7.19));
#3036=CARTESIAN_POINT('Origin',(-45.5,-28.7548349283631,7.19));
#3037=CARTESIAN_POINT('',(-45.5,-29.2548349283631,7.19));
#3038=CARTESIAN_POINT('',(-45.5,-28.7548349283631,6.69));
#3039=CARTESIAN_POINT('Origin',(-46.5,-12.2448349283631,7.19));
#3040=CARTESIAN_POINT('',(-46.5,-12.2448349283631,6.69));
#3041=CARTESIAN_POINT('Origin',(-46.,-20.4998349283631,6.69));
#3042=CARTESIAN_POINT('Origin',(37.8715587089009,17.2500001285225,8.34));
#3043=CARTESIAN_POINT('',(37.8715587089009,17.2500001285225,4.46));
#3044=CARTESIAN_POINT('',(41.7499991171062,17.2499996144325,8.23));
#3045=CARTESIAN_POINT('Origin',(28.2499993182718,34.5,4.46));
#3046=CARTESIAN_POINT('',(32.1284397264772,17.2500001285225,4.46));
#3047=CARTESIAN_POINT('Origin',(32.1284397264772,17.2500001285225,8.34));
#3048=CARTESIAN_POINT('',(28.2499993182719,34.4999994859099,8.23));
#3049=CARTESIAN_POINT('Origin',(38.4999991171062,34.,7.71));
#3050=CARTESIAN_POINT('',(38.4999991171062,32.5,6.46));
#3051=CARTESIAN_POINT('',(38.4999991171062,34.,6.46));
#3052=CARTESIAN_POINT('Origin',(38.4999991171062,32.5,7.71));
#3053=CARTESIAN_POINT('Origin',(34.999999217689,33.5,6.46));
#3054=CARTESIAN_POINT('',(31.4999993182718,32.5,6.46));
#3055=CARTESIAN_POINT('',(31.4999993182718,33.,6.46));
#3056=CARTESIAN_POINT('',(-7.37500034086408,32.5,6.46));
#3057=CARTESIAN_POINT('Origin',(31.4999993182718,33.,7.71));
#3058=CARTESIAN_POINT('',(30.2499993182718,32.5,7.71));
#3059=CARTESIAN_POINT('Origin',(31.4999993182718,32.5,7.71));
#3060=CARTESIAN_POINT('',(30.2499993182718,33.,7.71));
#3061=CARTESIAN_POINT('Origin',(28.767949364164,32.,5.));
#3062=CARTESIAN_POINT('',(29.6339749055994,31.5000002384186,5.));
#3063=CARTESIAN_POINT('',(28.767949364164,31.,5.));
#3064=CARTESIAN_POINT('Origin',(28.767949364164,32.,5.));
#3065=CARTESIAN_POINT('',(28.767949364164,31.,5.));
#3066=CARTESIAN_POINT('',(29.6339749055994,31.5000002384186,5.));
#3067=CARTESIAN_POINT('Origin',(0.,0.,5.));
#3068=CARTESIAN_POINT('Origin',(-41.8,-29.3,5.));
#3069=CARTESIAN_POINT('',(45.,-29.3,5.));
#3070=CARTESIAN_POINT('Origin',(41.8,-29.3,5.));
#3071=CARTESIAN_POINT('',(45.,29.3,5.));
#3072=CARTESIAN_POINT('',(45.,16.25,5.));
#3073=CARTESIAN_POINT('',(41.8,32.5,5.));
#3074=CARTESIAN_POINT('Origin',(41.8,29.3,5.));
#3075=CARTESIAN_POINT('',(-41.8,32.5,5.));
#3076=CARTESIAN_POINT('',(-22.5,32.5,5.));
#3077=CARTESIAN_POINT('Origin',(-41.8,29.3,5.));
#3078=CARTESIAN_POINT('',(30.5000004470348,32.0000004768372,5.));
#3079=CARTESIAN_POINT('Origin',(30.5000004470348,31.0000004768372,5.));
#3080=CARTESIAN_POINT('',(39.5000005960464,32.0000004768372,5.));
#3081=CARTESIAN_POINT('',(20.0000002980232,32.0000004768372,5.));
#3082=CARTESIAN_POINT('',(40.3660261374819,31.5000002384186,5.));
#3083=CARTESIAN_POINT('Origin',(39.5000005960464,31.0000004768372,5.));
#3084=CARTESIAN_POINT('',(41.2320516789173,31.,5.));
#3085=CARTESIAN_POINT('Origin',(41.2320516789173,32.,5.));
#3086=CARTESIAN_POINT('',(41.8,31.,5.));
#3087=CARTESIAN_POINT('',(41.8,31.,5.));
#3088=CARTESIAN_POINT('',(43.5,29.3,5.));
#3089=CARTESIAN_POINT('Origin',(41.8,29.3,5.));
#3090=CARTESIAN_POINT('',(43.5,-29.3,5.));
#3091=CARTESIAN_POINT('',(43.5,-29.3,5.));
#3092=CARTESIAN_POINT('',(41.8,-31.,5.));
#3093=CARTESIAN_POINT('Origin',(41.8,-29.3,5.));
#3094=CARTESIAN_POINT('',(-41.8,-31.,5.));
#3095=CARTESIAN_POINT('',(-41.8,-31.,5.));
#3096=CARTESIAN_POINT('',(-43.5,-29.3,5.));
#3097=CARTESIAN_POINT('Origin',(-41.8,-29.3,5.));
#3098=CARTESIAN_POINT('',(-43.5,29.3,5.));
#3099=CARTESIAN_POINT('',(-43.5,29.3,5.));
#3100=CARTESIAN_POINT('',(-41.8,31.,5.));
#3101=CARTESIAN_POINT('Origin',(-41.8,29.3,5.));
#3102=CARTESIAN_POINT('',(41.8,31.,5.));
#3103=CARTESIAN_POINT('Origin',(30.5000004470348,31.0000004768372,5.));
#3104=CARTESIAN_POINT('',(30.5000004470348,32.0000004768372,5.));
#3105=CARTESIAN_POINT('Origin',(41.2320516789173,32.,5.));
#3106=CARTESIAN_POINT('',(40.3660261374819,31.5000002384186,5.));
#3107=CARTESIAN_POINT('',(41.2320516789173,31.,5.));
#3108=CARTESIAN_POINT('Origin',(-41.8,31.,2.));
#3109=CARTESIAN_POINT('',(41.8,31.,2.));
#3110=CARTESIAN_POINT('Origin',(39.5000005960464,31.0000004768372,5.));
#3111=CARTESIAN_POINT('',(39.5000005960464,32.0000004768372,5.));
#3112=CARTESIAN_POINT('Origin',(30.0000004470348,32.0000004768372,5.));
#3113=CARTESIAN_POINT('Origin',(-41.8,-29.3,2.));
#3114=CARTESIAN_POINT('Origin',(-41.7999992996454,-29.3000005140901,8.23));
#3115=CARTESIAN_POINT('Origin',(41.8,-29.3,2.));
#3116=CARTESIAN_POINT('',(45.,-29.3,2.));
#3117=CARTESIAN_POINT('Origin',(41.8,-31.,2.));
#3118=CARTESIAN_POINT('',(-41.8,-31.,2.));
#3119=CARTESIAN_POINT('',(41.8,-31.,2.));
#3120=CARTESIAN_POINT('Origin',(41.8,-29.3,2.));
#3121=CARTESIAN_POINT('',(43.5,-29.3,2.));
#3122=CARTESIAN_POINT('Origin',(43.5,29.3,2.));
#3123=CARTESIAN_POINT('',(43.5,29.3,2.));
#3124=CARTESIAN_POINT('Origin',(41.8,29.3,2.));
#3125=CARTESIAN_POINT('Origin',(-41.8,31.,2.));
#3126=CARTESIAN_POINT('',(-41.8,31.,2.));
#3127=CARTESIAN_POINT('Origin',(-41.8,29.3,2.));
#3128=CARTESIAN_POINT('',(-43.5,29.3,2.));
#3129=CARTESIAN_POINT('Origin',(-43.5,-29.3,2.));
#3130=CARTESIAN_POINT('',(-43.5,-29.3,2.));
#3131=CARTESIAN_POINT('Origin',(-41.8,-29.3,2.));
#3132=CARTESIAN_POINT('Origin',(0.,0.,2.));
#3133=CARTESIAN_POINT('Origin',(41.8,29.3,2.));
#3134=CARTESIAN_POINT('',(45.0000007003546,29.2999994859099,8.23));
#3135=CARTESIAN_POINT('',(41.8000007003546,32.4999994859099,8.23));
#3136=CARTESIAN_POINT('Origin',(41.8000007003546,29.2999994859099,8.23));
#3137=CARTESIAN_POINT('',(41.8,32.5,2.));
#3138=CARTESIAN_POINT('',(45.,29.3,2.));
#3139=CARTESIAN_POINT('Origin',(-41.8,29.3,2.));
#3140=CARTESIAN_POINT('',(-41.8,32.5,2.));
#3141=CARTESIAN_POINT('Origin',(47.0000007003546,-11.7448349283631,8.23));
#3142=CARTESIAN_POINT('',(45.0000007003546,-11.7448349283631,5.115));
#3143=CARTESIAN_POINT('Origin',(-46.9999992996454,-29.2548349283631,20.77));
#3144=CARTESIAN_POINT('Origin',(41.7499991171062,34.4999994859099,8.23));
#3145=CARTESIAN_POINT('Origin',(32.1299993182719,34.4999994859099,8.33999977648258));
#3146=CARTESIAN_POINT('',(28.2499993182719,34.4999994859099,8.33999977648258));
#3147=CARTESIAN_POINT('Origin',(28.2499993182719,34.4999994859099,12.2199997764826));
#3148=CARTESIAN_POINT('Origin',(30.2499993182719,34.4999994859099,10.2499997764826));
#3149=CARTESIAN_POINT('',(30.2499993182719,32.4999994859099,6.1249998882413));
#3150=CARTESIAN_POINT('Origin',(-44.9999992996454,32.4999994859099,1.99999999999999));
#3151=CARTESIAN_POINT('',(41.8000007003546,32.4999994859099,1.99999999999999));
#3152=CARTESIAN_POINT('Origin',(-41.7999992996454,-29.3000005140901,1.99999999999999));
#3153=CARTESIAN_POINT('Origin',(45.0000007003546,32.4999994859099,1.99999999999999));
#3154=CARTESIAN_POINT('',(45.0000007003546,29.2999994859099,1.99999999999999));
#3155=CARTESIAN_POINT('Origin',(41.8000007003546,29.2999994859099,1.99999999999999));
#3156=UNCERTAINTY_MEASURE_WITH_UNIT(LENGTH_MEASURE(0.01),#3160,
'DISTANCE_ACCURACY_VALUE',
'Maximum model space distance between geometric entities at asserted c
onnectivities');
#3157=UNCERTAINTY_MEASURE_WITH_UNIT(LENGTH_MEASURE(0.01),#3160,
'DISTANCE_ACCURACY_VALUE',
'Maximum model space distance between geometric entities at asserted c
onnectivities');
#3158=(
GEOMETRIC_REPRESENTATION_CONTEXT(3)
GLOBAL_UNCERTAINTY_ASSIGNED_CONTEXT((#3156))
GLOBAL_UNIT_ASSIGNED_CONTEXT((#3160,#3162,#3163))
REPRESENTATION_CONTEXT('','3D')
);
#3159=(
GEOMETRIC_REPRESENTATION_CONTEXT(3)
GLOBAL_UNCERTAINTY_ASSIGNED_CONTEXT((#3157))
GLOBAL_UNIT_ASSIGNED_CONTEXT((#3160,#3162,#3163))
REPRESENTATION_CONTEXT('','3D')
);
#3160=(
LENGTH_UNIT()
NAMED_UNIT(*)
SI_UNIT(.MILLI.,.METRE.)
);
#3161=(
LENGTH_UNIT()
NAMED_UNIT(*)
SI_UNIT($,.METRE.)
);
#3162=(
NAMED_UNIT(*)
PLANE_ANGLE_UNIT()
SI_UNIT($,.RADIAN.)
);
#3163=(
NAMED_UNIT(*)
SI_UNIT($,.STERADIAN.)
SOLID_ANGLE_UNIT()
);
#3164=SHAPE_DEFINITION_REPRESENTATION(#3165,#3166);
#3165=PRODUCT_DEFINITION_SHAPE('',$,#3168);
#3166=SHAPE_REPRESENTATION('',(#1840),#3158);
#3167=PRODUCT_DEFINITION_CONTEXT('part definition',#3172,'design');
#3168=PRODUCT_DEFINITION('2026-07-13-21-08-11-268','BottomShell',#3169,
#3167);
#3169=PRODUCT_DEFINITION_FORMATION('',$,#3174);
#3170=PRODUCT_RELATED_PRODUCT_CATEGORY('BottomShell','BottomShell',(#3174));
#3171=APPLICATION_PROTOCOL_DEFINITION('international standard',
'automotive_design',2009,#3172);
#3172=APPLICATION_CONTEXT(
'Core Data for Automotive Mechanical Design Process');
#3173=PRODUCT_CONTEXT('part definition',#3172,'mechanical');
#3174=PRODUCT('2026-07-13-21-08-11-268','BottomShell',$,(#3173));
#3175=PRESENTATION_STYLE_ASSIGNMENT((#3176));
#3176=SURFACE_STYLE_USAGE(.BOTH.,#3177);
#3177=SURFACE_SIDE_STYLE('',(#3178));
#3178=SURFACE_STYLE_FILL_AREA(#3179);
#3179=FILL_AREA_STYLE('Aluminum - Bead Blasted',(#3180));
#3180=FILL_AREA_STYLE_COLOUR('Aluminum - Bead Blasted',#3181);
#3181=COLOUR_RGB('Aluminum - Bead Blasted',0.96078431372549,0.96078431372549,
0.964705882352941);
ENDSEC;
END-ISO-10303-21;
